Time,Roll,Pitch,Yaw,R1,R2,R3,R4,Voltage
161209,3.30,-1.62,21.16,1149.99,1150.00,1150.01,1150.00,11.11
161219,3.34,-1.65,21.15,1150.00,1150.01,1150.00,1149.99,11.11
161230,3.36,-1.65,21.13,1150.00,1150.00,1150.00,1150.00,10.94
161242,3.38,-1.66,21.12,1150.00,1150.00,1150.00,1150.00,10.91
161253,3.41,-1.66,21.10,1150.00,1150.01,1150.00,1149.99,10.88
161264,3.41,-1.64,21.09,1150.00,1150.00,1150.00,1150.00,11.24
161277,3.46,-1.61,21.07,1150.00,1150.01,1150.00,1149.99,11.14
161289,3.46,-1.59,21.06,1150.00,1150.00,1150.00,1150.00,10.88
161300,3.48,-1.59,21.05,1150.00,1150.00,1150.00,1150.00,11.11
161311,3.48,-1.59,21.04,1150.00,1150.00,1150.00,1150.00,10.96
161323,3.48,-1.58,21.03,1150.00,1150.00,1150.00,1150.00,11.06
161334,3.49,-1.57,21.03,1150.00,1150.00,1150.00,1150.00,11.11
161344,3.48,-1.52,21.02,1150.01,1150.00,1149.99,1150.00,11.01
161357,3.47,-1.42,21.01,1150.01,1150.00,1149.99,1150.00,11.09
161369,3.44,-1.36,21.00,1150.01,1150.00,1149.99,1150.00,10.86
161380,3.43,-1.32,21.00,1150.00,1150.00,1150.00,1150.00,11.16
161391,3.42,-1.30,20.99,1150.00,1150.00,1150.00,1150.00,11.14
161402,3.40,-1.28,20.98,1150.00,1150.00,1150.00,1150.00,10.88
161414,3.41,-1.29,20.98,1150.00,1150.00,1150.00,1150.00,11.14
161425,3.39,-1.28,20.97,1150.00,1150.00,1150.00,1150.00,10.99
161438,3.38,-1.30,20.96,1150.00,1150.00,1150.00,1150.00,11.09
161449,3.36,-1.30,20.95,1150.00,1150.00,1150.00,1150.00,10.91
161461,3.37,-1.30,20.95,1150.00,1150.00,1150.00,1150.00,11.16
161472,3.38,-1.32,20.95,1150.00,1150.00,1150.00,1150.00,11.06
161482,3.38,-1.32,20.95,1150.00,1150.00,1150.00,1150.00,11.11
161494,3.40,-1.35,20.94,1150.00,1150.01,1150.00,1149.99,10.94
161505,3.41,-1.36,20.95,1150.00,1150.00,1150.00,1150.00,11.14
161518,3.44,-1.41,20.96,1149.99,1150.01,1150.01,1149.99,11.09
161529,3.44,-1.44,20.96,1150.00,1150.00,1150.00,1150.00,11.14
161541,3.44,-1.47,20.96,1150.00,1150.00,1150.00,1150.00,10.88
161552,3.44,-1.49,20.97,1150.00,1150.00,1150.00,1150.00,10.91
161563,3.42,-1.50,20.97,1150.00,1150.00,1150.00,1150.00,11.01
161574,3.41,-1.51,20.98,1150.00,1150.00,1150.00,1150.00,11.11
161588,3.36,-1.52,20.98,1150.00,1150.00,1150.00,1150.00,11.14
161599,3.34,-1.54,20.98,1150.00,1150.00,1150.00,1150.00,11.14
161610,3.31,-1.55,20.99,1150.00,1150.00,1150.00,1150.00,10.94
161622,3.27,-1.56,20.99,1150.00,1150.00,1150.00,1150.00,11.06
161632,3.25,-1.56,20.99,1150.00,1150.00,1150.00,1150.00,11.14
161643,3.19,-1.54,20.99,1150.00,1149.99,1150.00,1150.01,11.16
161654,3.16,-1.51,20.99,1150.00,1150.00,1150.00,1150.00,10.88
161668,3.09,-1.44,21.00,1150.01,1149.99,1149.99,1150.01,10.99
161679,3.06,-1.41,21.01,1150.00,1150.00,1150.00,1150.00,11.19
161690,3.04,-1.38,21.01,1150.00,1150.00,1150.00,1150.00,10.88
161701,3.02,-1.36,21.02,1150.00,1150.00,1150.00,1150.00,11.09
161713,3.02,-1.36,21.03,1150.00,1150.00,1150.00,1150.00,11.16
161724,3.01,-1.35,21.03,1150.00,1150.00,1150.00,1150.00,11.11
161735,3.01,-1.36,21.04,1150.00,1150.00,1150.00,1150.00,11.09
161748,3.02,-1.39,21.05,1149.99,1150.00,1150.01,1150.00,11.19
161760,3.04,-1.42,21.05,1149.99,1150.00,1150.01,1150.00,11.16
161771,3.05,-1.45,21.05,1150.00,1150.00,1150.01,1150.00,10.88
161782,3.05,-1.48,21.04,1150.00,1150.00,1150.00,1150.00,10.94
161793,3.07,-1.53,21.04,1149.99,1150.01,1150.01,1149.99,11.14
161804,3.08,-1.57,21.04,1149.99,1150.00,1150.01,1150.00,10.96
161817,3.11,-1.65,21.02,1149.99,1150.01,1150.01,1149.99,11.14
161828,3.12,-1.66,21.02,1150.00,1150.00,1150.00,1150.00,11.14
161840,3.13,-1.68,21.01,1150.00,1150.00,1150.00,1150.00,11.09
161851,3.16,-1.69,21.01,1150.00,1150.01,1150.00,1149.99,11.11
161862,3.17,-1.69,21.01,1150.00,1150.00,1150.00,1150.00,10.96
161873,3.19,-1.69,21.01,1150.00,1150.01,1150.00,1149.99,11.09
161885,3.22,-1.70,21.01,1150.00,1150.01,1150.00,1149.99,11.16
161898,3.27,-1.77,21.01,1149.99,1150.01,1150.01,1149.99,10.96
161909,3.29,-1.80,21.01,1149.99,1150.00,1150.01,1150.00,11.14
161921,3.30,-1.85,21.01,1149.99,1150.00,1150.01,1150.00,11.09
161931,3.33,-1.89,21.01,1149.99,1150.01,1150.01,1149.99,11.16
161942,3.33,-1.92,21.01,1150.00,1150.00,1150.01,1150.00,10.96
161953,3.33,-1.95,21.00,1149.99,1150.00,1150.01,1150.00,10.86
161965,3.33,-1.99,20.99,1149.99,1150.00,1150.01,1150.00,11.21
161978,3.31,-2.07,20.97,1149.99,1150.00,1150.01,1150.00,10.91
161989,3.30,-2.14,20.96,1149.99,1150.00,1150.01,1150.00,11.09
162000,3.29,-2.25,20.95,1149.98,1150.00,1150.02,1150.00,10.91
162012,3.31,-2.39,20.93,1149.98,1150.00,1150.02,1150.00,10.94
162023,3.31,-2.54,20.91,1149.98,1150.00,1150.02,1150.00,10.91
162034,3.34,-2.74,20.89,1149.97,1150.01,1150.03,1149.99,10.88
162045,3.39,-2.97,20.88,1149.97,1150.01,1150.03,1149.99,11.24
162059,3.54,-3.52,20.85,1149.92,1150.02,1150.08,1149.98,10.88
162070,3.63,-3.82,20.84,1149.96,1150.01,1150.04,1149.99,11.09
162080,3.71,-4.14,20.82,1149.95,1150.01,1150.05,1149.99,11.14
162092,3.82,-4.47,20.81,1149.95,1150.02,1150.05,1149.98,10.94
162103,3.92,-4.79,20.81,1149.95,1150.02,1150.05,1149.98,10.91
162114,4.02,-5.13,20.79,1149.95,1150.02,1150.05,1149.98,10.96
162127,4.23,-5.78,20.78,1149.91,1150.03,1150.09,1149.97,11.16
162139,4.34,-6.10,20.78,1149.95,1150.02,1150.05,1149.98,11.11
162150,4.44,-6.41,20.77,1149.96,1150.02,1150.04,1149.98,10.91
162161,4.52,-6.70,20.77,1149.96,1150.01,1150.04,1149.99,11.16
162172,4.61,-7.02,20.76,1149.95,1150.02,1150.05,1149.98,10.88
162184,4.67,-7.33,20.76,1149.95,1150.01,1150.05,1149.99,10.94
162194,4.72,-7.65,20.75,1149.95,1150.01,1150.05,1149.99,11.21
162207,4.78,-8.26,20.72,1149.91,1150.01,1150.09,1149.99,11.19
162219,4.78,-8.54,20.71,1149.96,1150.00,1150.04,1150.00,11.14
162230,4.77,-8.78,20.69,1149.96,1150.00,1150.04,1150.00,11.19
162241,4.75,-9.00,20.68,1149.97,1150.00,1150.03,1150.00,11.16
162252,4.72,-9.22,20.67,1149.96,1150.00,1150.04,1150.00,10.94
162264,4.69,-9.44,20.65,1149.97,1150.00,1150.03,1150.00,11.01
162275,4.64,-9.65,20.63,1149.97,1150.00,1150.03,1150.00,11.19
162288,4.57,-10.08,20.60,1149.94,1149.99,1150.06,1150.01,11.21
162298,4.52,-10.29,20.58,1149.97,1150.00,1150.03,1150.00,11.01
162310,4.49,-10.48,20.57,1149.97,1150.00,1150.03,1150.00,10.99
162321,4.45,-10.65,20.56,1149.97,1150.00,1150.03,1150.00,10.94
162332,4.43,-10.80,20.55,1149.97,1150.00,1150.03,1150.00,11.16
162343,4.41,-10.95,20.54,1149.97,1150.00,1150.03,1150.00,11.19
162355,4.39,-11.09,20.53,1149.97,1150.00,1150.03,1150.00,10.94
162368,4.37,-11.35,20.52,1149.96,1150.00,1150.04,1150.00,11.24
162379,4.35,-11.45,20.52,1149.98,1150.00,1150.02,1150.00,10.99
162391,4.36,-11.54,20.52,1149.98,1150.00,1150.02,1150.00,10.94
162402,4.37,-11.61,20.51,1149.98,1150.00,1150.02,1150.00,10.94
162413,4.38,-11.67,20.51,1149.98,1150.00,1150.02,1150.00,11.19
162423,4.42,-11.77,20.50,1149.98,1150.01,1150.02,1149.99,11.14
162435,4.45,-11.88,20.49,1149.98,1150.01,1150.02,1149.99,10.91
162448,4.56,-12.16,20.47,1149.95,1150.02,1150.05,1149.98,11.24
162459,4.62,-12.29,20.45,1149.98,1150.01,1150.02,1149.99,10.94
162470,4.70,-12.40,20.44,1149.98,1150.01,1150.02,1149.99,10.88
162482,4.76,-12.50,20.42,1149.98,1150.01,1150.02,1149.99,10.99
162493,4.82,-12.60,20.40,1149.98,1150.01,1150.02,1149.99,11.16
162504,4.90,-12.71,20.37,1149.98,1150.01,1150.02,1149.99,10.88
162518,5.04,-12.96,20.31,1149.96,1150.02,1150.04,1149.98,10.94
162529,5.12,-13.08,20.28,1149.98,1150.01,1150.02,1149.99,10.94
162540,5.18,-13.19,20.26,1149.98,1150.01,1150.02,1149.99,10.91
162551,5.27,-13.29,20.23,1149.98,1150.02,1150.02,1149.98,10.91
162563,5.36,-13.39,20.21,1149.98,1150.01,1150.02,1149.99,10.99
162573,5.44,-13.47,20.20,1149.98,1150.01,1150.02,1149.99,10.91
162584,5.52,-13.57,20.18,1149.98,1150.01,1150.02,1149.99,10.99
162597,5.63,-13.76,20.17,1149.97,1150.02,1150.03,1149.98,10.96
162609,5.68,-13.87,20.15,1149.98,1150.01,1150.02,1149.99,11.14
162620,5.70,-13.97,20.15,1149.98,1150.01,1150.02,1149.99,11.09
162631,5.71,-14.07,20.14,1149.98,1150.01,1150.02,1149.99,10.96
162642,5.72,-14.15,20.12,1149.98,1150.00,1150.02,1150.00,10.94
162654,5.70,-14.22,20.12,1149.98,1150.00,1150.02,1150.00,10.91
162665,5.69,-14.29,20.12,1149.98,1150.00,1150.02,1150.00,11.04
162678,5.63,-14.42,20.12,1149.97,1150.00,1150.03,1150.00,11.14
162690,5.61,-14.49,20.12,1149.98,1150.00,1150.02,1150.00,11.11
162701,5.55,-14.55,20.13,1149.98,1150.00,1150.02,1150.00,10.91
162712,5.50,-14.61,20.13,1149.98,1150.00,1150.02,1150.00,10.94
162723,5.43,-14.66,20.14,1149.98,1149.99,1150.02,1150.01,10.86
162735,5.34,-14.71,20.14,1149.98,1149.99,1150.02,1150.01,10.91
162748,5.18,-14.84,20.14,1149.97,1149.98,1150.03,1150.02,11.01
162759,5.10,-14.90,20.15,1149.98,1149.99,1150.02,1150.01,10.91
162770,5.04,-14.96,20.15,1149.98,1150.00,1150.02,1150.00,10.88
162782,4.98,-14.99,20.17,1149.99,1149.99,1150.01,1150.01,11.14
162793,4.92,-15.02,20.18,1149.99,1150.00,1150.01,1150.00,11.14
162804,4.89,-15.03,20.19,1149.99,1150.00,1150.01,1150.00,11.09
162816,4.85,-15.04,20.21,1149.99,1150.00,1150.01,1150.00,11.14
162829,4.83,-15.05,20.24,1149.99,1150.00,1150.01,1150.00,11.01
162840,4.82,-15.05,20.25,1149.99,1150.00,1150.01,1150.00,11.09
162851,4.83,-15.07,20.27,1149.99,1150.00,1150.01,1150.00,11.11
162863,4.85,-15.07,20.27,1149.99,1150.01,1150.01,1149.99,10.96
162873,4.87,-15.09,20.28,1149.99,1150.01,1150.01,1149.99,10.88
162884,4.92,-15.10,20.29,1149.99,1150.01,1150.01,1149.99,10.99
162897,4.98,-15.10,20.30,1149.99,1150.01,1150.01,1149.99,10.94
162909,5.03,-15.09,20.30,1149.99,1150.01,1150.01,1149.99,11.11
162920,5.07,-15.06,20.30,1150.00,1150.01,1150.01,1149.99,10.86
162931,5.11,-15.03,20.30,1150.00,1150.01,1150.00,1149.99,11.14
162942,5.16,-14.97,20.30,1150.00,1150.01,1150.00,1149.99,10.94
162954,5.17,-14.90,20.31,1150.00,1150.01,1150.00,1149.99,10.88
162965,5.21,-14.82,20.30,1150.00,1150.01,1150.00,1149.99,11.04
162978,5.26,-14.59,20.30,1150.02,1150.01,1149.98,1149.99,10.94
162990,5.29,-14.49,20.29,1150.01,1150.01,1149.99,1149.99,11.11
163001,5.30,-14.37,20.28,1150.01,1150.00,1149.99,1150.00,10.88
163012,5.31,-14.26,20.28,1150.01,1150.01,1149.99,1149.99,10.96
163023,5.33,-14.13,20.27,1150.01,1150.01,1149.99,1149.99,10.91
163035,5.33,-13.99,20.26,1150.01,1150.00,1149.99,1150.00,11.11
163048,5.36,-13.71,20.24,1150.03,1150.01,1149.97,1149.99,11.04
163059,5.36,-13.56,20.24,1150.01,1150.00,1149.99,1150.00,10.94
163070,5.39,-13.41,20.23,1150.01,1150.01,1149.99,1149.99,10.86
163082,5.41,-13.26,20.23,1150.01,1150.01,1149.99,1149.99,10.96
163093,5.43,-13.10,20.23,1150.01,1150.01,1149.99,1149.99,10.94
163103,5.47,-12.93,20.23,1150.02,1150.01,1149.98,1149.99,10.91
163115,5.51,-12.73,20.24,1150.02,1150.01,1149.98,1149.99,10.94
163128,5.63,-12.28,20.27,1150.05,1150.02,1149.95,1149.98,10.99
163139,5.68,-12.04,20.29,1150.03,1150.01,1149.97,1149.99,10.88
163150,5.74,-11.80,20.31,1150.02,1150.01,1149.98,1149.99,11.11
163162,5.80,-11.57,20.33,1150.03,1150.01,1149.97,1149.99,11.16
163173,5.85,-11.33,20.36,1150.02,1150.01,1149.98,1149.99,11.09
163184,5.91,-11.10,20.38,1150.03,1150.01,1149.97,1149.99,11.11
163195,5.95,-10.85,20.40,1150.03,1150.01,1149.97,1149.99,11.14
163209,6.01,-10.31,20.45,1150.07,1150.01,1149.93,1149.99,11.14
163220,6.02,-10.01,20.48,1150.03,1150.00,1149.97,1150.00,10.88
163230,6.02,-9.69,20.51,1150.04,1150.00,1149.96,1150.00,10.96
163241,6.01,-9.34,20.54,1150.04,1150.00,1149.96,1150.00,10.94
163253,5.99,-8.99,20.57,1150.04,1150.00,1149.96,1150.00,10.88
163264,5.96,-8.63,20.60,1150.04,1150.00,1149.96,1150.00,10.96
163275,5.93,-8.26,20.62,1150.05,1150.00,1149.95,1150.00,11.11
163289,5.84,-7.47,20.69,1150.10,1149.99,1149.90,1150.01,11.14
163299,5.78,-7.06,20.72,1150.05,1149.99,1149.95,1150.01,11.11
163310,5.71,-6.65,20.75,1150.05,1149.99,1149.95,1150.01,11.14
163321,5.65,-6.25,20.78,1150.05,1150.00,1149.95,1150.00,11.09
163333,5.57,-5.84,20.82,1150.05,1149.99,1149.95,1150.01,10.94
163344,5.51,-5.46,20.86,1150.05,1149.99,1149.95,1150.01,10.96
163355,5.46,-5.07,20.90,1150.05,1150.00,1149.95,1150.00,11.06
163368,5.36,-4.32,20.98,1150.10,1149.99,1149.90,1150.01,10.96
163379,5.30,-3.96,21.03,1150.05,1150.00,1149.95,1150.00,11.11
163390,5.24,-3.59,21.07,1150.05,1149.99,1149.95,1150.01,11.04
163401,5.20,-3.24,21.12,1150.05,1150.00,1149.95,1150.00,10.88
163412,5.16,-2.87,21.17,1150.05,1150.00,1149.95,1150.00,10.96
163424,5.13,-2.52,21.22,1150.05,1150.00,1149.95,1150.00,10.86
163434,5.12,-2.18,21.28,1150.04,1150.00,1149.96,1150.00,10.86
163447,5.11,-1.49,21.41,1150.09,1150.00,1149.91,1150.00,11.01
163459,5.13,-1.16,21.49,1150.04,1150.01,1149.96,1149.99,10.88
163470,5.13,-0.81,21.56,1150.05,1150.00,1149.95,1150.00,10.83
163481,5.16,-0.48,21.64,1150.04,1150.01,1149.96,1149.99,10.96
163492,5.17,-0.13,21.72,1150.05,1150.01,1149.95,1149.99,11.11
163503,5.19,0.21,21.81,1150.05,1150.01,1149.95,1150.00,11.06
163514,5.22,0.54,21.90,1150.05,1150.01,1149.95,1149.99,11.11
163525,5.23,0.88,21.98,1150.05,1150.01,1149.95,1150.00,10.96
163538,5.24,1.50,22.14,1150.09,1150.00,1149.91,1150.00,11.06
163550,5.22,1.82,22.21,1150.04,1150.00,1149.96,1150.00,10.88
163561,5.19,2.13,22.28,1150.04,1150.00,1149.96,1150.00,10.94
163571,5.16,2.45,22.35,1150.04,1150.00,1149.96,1150.00,10.99
163582,5.10,2.75,22.41,1150.04,1149.99,1149.96,1150.01,11.06
163594,5.05,3.05,22.46,1150.04,1150.00,1149.96,1150.00,11.04
163605,4.97,3.35,22.51,1150.04,1149.99,1149.96,1150.01,11.01
163618,4.81,3.97,22.61,1150.09,1149.98,1149.91,1150.02,11.01
163630,4.72,4.30,22.65,1150.05,1149.99,1149.95,1150.01,11.01
163640,4.62,4.65,22.70,1150.05,1149.99,1149.95,1150.01,10.96
163651,4.54,5.01,22.74,1150.05,1149.99,1149.95,1150.01,11.01
163662,4.43,5.39,22.78,1150.05,1149.99,1149.95,1150.01,10.81
163674,4.34,5.76,22.83,1150.05,1149.99,1149.95,1150.01,10.91
163685,4.25,6.13,22.86,1150.05,1149.99,1149.95,1150.01,11.04
163698,4.10,6.83,22.93,1150.10,1149.98,1149.90,1150.02,10.94
163709,4.04,7.18,22.96,1150.05,1149.99,1149.95,1150.01,11.06
163720,3.98,7.51,22.99,1150.05,1150.00,1149.95,1150.00,10.86
163731,3.97,7.82,23.02,1150.05,1150.00,1149.95,1150.00,10.96
163742,3.94,8.13,23.05,1150.05,1150.00,1149.95,1150.00,10.94
163753,3.96,8.42,23.08,1150.04,1150.00,1149.96,1150.00,10.83
163765,3.98,8.70,23.11,1150.04,1150.01,1149.96,1149.99,11.01
163778,4.06,9.23,23.17,1150.08,1150.01,1149.92,1149.99,11.14
163789,4.10,9.49,23.20,1150.04,1150.01,1149.96,1149.99,11.01
163801,4.15,9.73,23.23,1150.04,1150.01,1149.96,1149.99,11.09
163811,4.21,9.97,23.25,1150.04,1150.01,1149.96,1149.99,11.19
163822,4.26,10.22,23.27,1150.04,1150.01,1149.96,1149.99,11.11
163833,4.31,10.46,23.29,1150.04,1150.01,1149.96,1149.99,11.11
163845,4.36,10.70,23.31,1150.04,1150.01,1149.96,1149.99,11.04
163858,4.43,11.11,23.33,1150.06,1150.01,1149.94,1149.99,10.94
163869,4.46,11.28,23.33,1150.03,1150.01,1149.97,1149.99,11.06
163880,4.47,11.44,23.32,1150.03,1150.00,1149.97,1150.00,11.01
163892,4.50,11.58,23.32,1150.03,1150.01,1149.97,1149.99,10.94
163903,4.52,11.72,23.31,1150.03,1150.01,1149.97,1149.99,10.91
163914,4.53,11.84,23.30,1150.02,1150.00,1149.98,1150.00,11.01
163926,4.54,11.95,23.30,1150.02,1150.00,1149.98,1150.00,11.04
163939,4.52,12.17,23.28,1150.04,1150.00,1149.96,1150.00,10.88
163950,4.51,12.26,23.27,1150.02,1150.00,1149.98,1150.00,11.14
163961,4.48,12.35,23.26,1150.02,1150.00,1149.98,1150.00,11.19
163973,4.45,12.42,23.25,1150.02,1150.00,1149.98,1150.00,10.86
163984,4.44,12.48,23.24,1150.02,1150.00,1149.98,1150.00,10.94
163995,4.41,12.55,23.23,1150.02,1150.00,1149.98,1150.00,11.21
164008,4.39,12.66,23.23,1150.02,1150.00,1149.98,1150.00,11.19
164020,4.37,12.70,23.23,1150.01,1150.00,1149.99,1150.00,10.94
164031,4.38,12.72,23.24,1150.01,1150.00,1149.99,1150.00,11.26
164042,4.37,12.74,23.25,1150.01,1150.00,1149.99,1150.00,10.94
164054,4.37,12.74,23.26,1150.01,1150.00,1149.99,1150.00,10.91
164065,4.38,12.74,23.28,1150.01,1150.00,1149.99,1150.00,10.96
164078,4.34,12.77,23.30,1150.01,1150.00,1149.99,1150.00,10.96
164089,4.33,12.81,23.31,1150.01,1150.00,1149.99,1150.00,10.88
164101,4.30,12.84,23.32,1150.01,1150.00,1149.99,1150.00,10.94
164112,4.28,12.85,23.33,1150.01,1150.00,1149.99,1150.00,11.24
164123,4.26,12.87,23.33,1150.01,1150.00,1149.99,1150.00,11.14
164134,4.25,12.88,23.34,1150.01,1150.00,1149.99,1150.00,10.94
164146,4.25,12.88,23.35,1150.01,1150.00,1149.99,1150.00,11.29
164159,4.24,12.86,23.38,1150.01,1150.00,1149.99,1150.00,10.91
164170,4.25,12.85,23.39,1150.01,1150.00,1149.99,1150.00,11.11
164182,4.23,12.84,23.40,1150.01,1150.00,1149.99,1150.00,10.99
164193,4.23,12.81,23.41,1150.00,1150.00,1150.00,1150.00,10.94
164204,4.23,12.81,23.42,1150.01,1150.00,1149.99,1150.00,10.94
164215,4.20,12.80,23.43,1150.01,1150.00,1149.99,1150.00,11.04
164229,4.18,12.76,23.44,1150.00,1150.00,1150.00,1150.00,11.26
164240,4.15,12.70,23.44,1150.00,1150.00,1150.00,1150.00,11.16
164251,4.15,12.62,23.45,1150.00,1150.00,1150.00,1150.00,11.14
164262,4.11,12.55,23.44,1150.00,1150.00,1150.00,1150.00,11.19
164274,4.08,12.46,23.44,1149.99,1150.00,1150.01,1150.00,10.94
164285,4.06,12.35,23.44,1149.99,1150.00,1150.01,1150.00,11.16
164298,3.98,12.12,23.43,1149.98,1149.99,1150.02,1150.01,11.21
164310,3.95,12.00,23.43,1149.99,1150.00,1150.01,1150.00,10.96
164321,3.90,11.86,23.42,1149.99,1150.00,1150.01,1150.00,11.14
164332,3.87,11.69,23.42,1149.98,1150.00,1150.02,1150.00,11.01
164343,3.81,11.52,23.41,1149.98,1150.00,1150.02,1150.01,11.19
164355,3.75,11.33,23.39,1149.98,1149.99,1150.02,1150.01,10.88
164366,3.71,11.13,23.38,1149.98,1150.00,1150.02,1150.00,11.04
164379,3.59,10.74,23.34,1149.95,1149.99,1150.05,1150.01,11.14
164390,3.54,10.55,23.33,1149.98,1149.99,1150.02,1150.01,11.14
164402,3.47,10.36,23.31,1149.98,1149.99,1150.02,1150.01,10.91
164413,3.42,10.17,23.30,1149.98,1150.00,1150.02,1150.00,11.01
164424,3.35,9.98,23.28,1149.98,1149.99,1150.02,1150.01,10.99
164435,3.29,9.78,23.26,1149.98,1149.99,1150.02,1150.01,10.96
164449,3.18,9.36,23.22,1149.95,1149.99,1150.05,1150.01,11.24
164459,3.14,9.12,23.20,1149.97,1150.00,1150.03,1150.00,11.16
164470,3.12,8.88,23.18,1149.97,1150.00,1150.03,1150.00,11.06
164482,3.08,8.64,23.17,1149.97,1150.00,1150.03,1150.00,10.94
164493,3.06,8.39,23.15,1149.97,1150.00,1150.03,1150.00,11.16
164504,3.04,8.16,23.14,1149.97,1150.00,1150.03,1150.00,11.01
164515,2.99,7.93,23.12,1149.97,1150.00,1150.03,1150.00,11.21
164529,2.92,7.50,23.09,1149.95,1149.99,1150.05,1150.01,11.26
164540,2.86,7.32,23.07,1149.98,1149.99,1150.02,1150.01,10.91
164551,2.81,7.16,23.05,1149.98,1150.00,1150.02,1150.01,11.14
164562,2.73,7.02,23.03,1149.99,1149.99,1150.01,1150.01,11.19
164574,2.66,6.87,23.01,1149.98,1149.99,1150.02,1150.01,10.88
164584,2.60,6.73,23.00,1149.98,1149.99,1150.02,1150.01,10.99
164595,2.53,6.59,22.98,1149.99,1149.99,1150.01,1150.01,11.06
164609,2.42,6.30,22.95,1149.96,1149.99,1150.04,1150.01,11.04
164620,2.35,6.17,22.93,1149.99,1149.99,1150.01,1150.01,10.99
164631,2.31,6.02,22.92,1149.98,1150.00,1150.02,1150.00,11.26
164642,2.26,5.87,22.91,1149.98,1149.99,1150.02,1150.01,10.96
164654,2.22,5.69,22.90,1149.98,1150.00,1150.02,1150.00,10.88
164665,2.22,5.48,22.89,1149.97,1150.00,1150.03,1150.00,11.19
164678,2.17,5.02,22.87,1149.94,1149.99,1150.06,1150.01,10.91
164689,2.19,4.79,22.87,1149.97,1150.00,1150.03,1150.00,10.86
164701,2.16,4.59,22.86,1149.98,1150.00,1150.02,1150.00,11.01
164712,2.16,4.38,22.85,1149.97,1150.00,1150.03,1150.00,10.94
164722,2.15,4.19,22.85,1149.98,1150.00,1150.02,1150.00,10.86
164733,2.12,4.00,22.84,1149.98,1150.00,1150.02,1150.00,10.88
164745,2.13,3.78,22.83,1149.97,1150.00,1150.03,1150.00,11.14
164758,2.10,3.32,22.81,1149.94,1150.00,1150.06,1150.00,10.88
164769,2.12,3.09,22.81,1149.97,1150.00,1150.03,1150.00,11.09
164781,2.09,2.87,22.80,1149.97,1150.00,1150.03,1150.00,10.99
164792,2.09,2.67,22.79,1149.97,1150.00,1150.03,1150.00,11.16
164803,2.10,2.46,22.79,1149.97,1150.00,1150.03,1150.00,10.94
164814,2.09,2.26,22.79,1149.97,1150.00,1150.03,1150.00,11.21
164826,2.11,2.03,22.79,1149.97,1150.00,1150.03,1150.00,11.21
164838,2.15,1.53,22.79,1149.93,1150.01,1150.07,1149.99,11.06
164849,2.20,1.27,22.80,1149.96,1150.01,1150.04,1149.99,10.86
164860,2.22,1.03,22.81,1149.97,1150.01,1150.03,1149.99,11.09
164872,2.24,0.80,22.83,1149.97,1150.00,1150.03,1150.00,10.88
164883,2.28,0.58,22.84,1149.97,1150.01,1150.03,1149.99,10.99
164894,2.26,0.38,22.86,1149.97,1150.00,1150.03,1150.00,11.01
164905,2.26,0.18,22.87,1149.97,1150.00,1150.03,1150.00,11.14
164919,2.23,-0.19,22.90,1149.95,1150.00,1150.05,1150.00,10.88
164929,2.22,-0.36,22.91,1149.98,1150.00,1150.02,1150.00,10.96
164940,2.18,-0.51,22.93,1149.98,1150.00,1150.02,1150.00,10.94
164952,2.12,-0.62,22.95,1149.98,1149.99,1150.02,1150.01,10.83
164963,2.09,-0.74,22.97,1149.98,1150.00,1150.02,1150.00,11.24
164974,2.02,-0.82,22.98,1149.99,1149.99,1150.01,1150.01,11.16
164985,1.94,-0.90,22.99,1149.99,1149.99,1150.01,1150.01,11.24
164999,1.79,-1.02,23.02,1149.98,1149.98,1150.02,1150.02,11.19
165010,1.72,-1.06,23.03,1149.99,1149.99,1150.01,1150.01,11.19
165020,1.66,-1.09,23.05,1150.00,1149.99,1150.00,1150.01,11.19
165031,1.57,-1.09,23.06,1150.00,1149.99,1150.00,1150.01,11.24
165043,1.53,-1.10,23.08,1150.00,1150.00,1150.00,1150.00,11.24
165054,1.49,-1.10,23.09,1150.00,1150.00,1150.00,1150.00,11.21
165065,1.43,-1.09,23.11,1150.00,1149.99,1150.00,1150.01,11.26
165079,1.39,-1.03,23.14,1150.01,1149.99,1149.99,1150.01,11.21
165090,1.37,-1.01,23.15,1150.00,1150.00,1150.00,1150.00,11.16
165100,1.37,-0.97,23.16,1150.00,1150.00,1150.00,1150.00,11.19
165111,1.34,-0.92,23.17,1150.01,1150.00,1149.99,1150.00,11.16
165123,1.36,-0.90,23.18,1150.00,1150.00,1150.00,1150.00,10.91
165134,1.37,-0.87,23.19,1150.00,1150.00,1150.00,1150.00,10.99
165145,1.36,-0.83,23.19,1150.00,1150.00,1150.00,1150.00,11.24
165158,1.39,-0.79,23.19,1150.01,1150.00,1149.99,1150.00,11.14
165170,1.37,-0.76,23.18,1150.00,1150.00,1150.00,1150.00,11.14
165180,1.38,-0.75,23.18,1150.00,1150.00,1150.00,1150.00,11.19
165191,1.34,-0.73,23.17,1150.00,1150.00,1150.00,1150.00,10.91
165202,1.33,-0.71,23.16,1150.00,1150.00,1150.00,1150.00,10.94
165214,1.30,-0.71,23.15,1150.00,1150.00,1150.00,1150.00,11.01
165225,1.23,-0.69,23.14,1150.00,1149.99,1150.00,1150.01,11.16
165236,1.18,-0.71,23.13,1150.00,1149.99,1150.00,1150.01,10.94
165250,0.93,-0.75,23.11,1149.99,1149.97,1150.01,1150.03,11.21
165260,0.79,-0.79,23.09,1149.99,1149.98,1150.01,1150.02,10.94
165271,0.61,-0.83,23.08,1150.00,1149.97,1150.00,1150.03,10.88
165282,0.39,-0.86,23.06,1149.99,1149.97,1150.01,1150.03,11.16
165294,0.17,-0.90,23.04,1149.99,1149.97,1150.01,1150.03,10.99
165305,-0.12,-0.92,23.03,1150.00,1149.96,1150.00,1150.04,11.14
165316,-0.41,-0.94,23.02,1150.00,1149.96,1150.00,1150.04,10.99
165329,-1.10,-0.93,23.01,1150.00,1149.91,1150.00,1150.09,11.21
165341,-1.47,-0.93,23.01,1150.00,1149.95,1150.00,1150.05,11.11
165352,-1.86,-0.92,23.02,1150.00,1149.95,1150.00,1150.05,10.91
165362,-2.28,-0.93,23.03,1150.00,1149.94,1150.00,1150.06,11.14
165373,-2.67,-0.97,23.04,1149.99,1149.95,1150.01,1150.05,10.91
165385,-3.10,-1.02,23.07,1149.99,1149.94,1150.01,1150.06,10.94
165398,-3.89,-1.16,23.15,1149.98,1149.89,1150.02,1150.11,11.19
165409,-4.30,-1.24,23.20,1149.99,1149.94,1150.01,1150.06,11.14
165421,-4.68,-1.34,23.25,1149.99,1149.95,1150.01,1150.05,10.91
165432,-5.07,-1.44,23.31,1149.98,1149.95,1150.02,1150.05,10.96
165443,-5.45,-1.55,23.37,1149.99,1149.94,1150.01,1150.06,11.11
165454,-5.81,-1.69,23.44,1149.98,1149.95,1150.02,1150.05,10.86
165466,-6.18,-1.82,23.50,1149.98,1149.95,1150.02,1150.05,10.99
165479,-6.87,-2.08,23.63,1149.96,1149.90,1150.04,1150.10,11.14
165490,-7.24,-2.17,23.70,1149.99,1149.95,1150.01,1150.05,10.86
165500,-7.59,-2.26,23.75,1149.99,1149.95,1150.01,1150.05,11.11
165512,-7.96,-2.35,23.81,1149.99,1149.95,1150.01,1150.05,11.14
165523,-8.34,-2.43,23.85,1149.99,1149.94,1150.01,1150.06,10.86
165534,-8.69,-2.55,23.88,1149.98,1149.95,1150.02,1150.05,11.09
165545,-9.04,-2.67,23.91,1149.98,1149.95,1150.02,1150.05,11.19
165559,-9.68,-2.90,23.96,1149.97,1149.91,1150.03,1150.09,10.83
165570,-9.99,-3.00,23.98,1149.98,1149.95,1150.02,1150.05,10.81
165581,-10.27,-3.11,23.99,1149.98,1149.96,1150.02,1150.04,11.11
165593,-10.53,-3.21,23.99,1149.98,1149.96,1150.02,1150.04,10.83
165604,-10.81,-3.29,24.00,1149.99,1149.96,1150.01,1150.04,10.86
165615,-11.04,-3.37,23.99,1149.99,1149.96,1150.01,1150.04,11.14
165628,-11.45,-3.49,23.95,1149.98,1149.94,1150.02,1150.06,10.94
165640,-11.60,-3.57,23.93,1149.99,1149.97,1150.01,1150.03,10.88
165651,-11.75,-3.63,23.91,1149.99,1149.97,1150.01,1150.03,10.99
165662,-11.88,-3.67,23.88,1149.99,1149.97,1150.01,1150.03,10.88
165673,-11.96,-3.73,23.85,1149.99,1149.98,1150.01,1150.02,11.01
165685,-12.06,-3.76,23.81,1149.99,1149.98,1150.01,1150.02,11.11
165696,-12.15,-3.78,23.78,1149.99,1149.98,1150.01,1150.02,10.94
165709,-12.33,-3.83,23.69,1149.99,1149.97,1150.01,1150.03,11.14
165721,-12.42,-3.85,23.64,1149.99,1149.98,1150.01,1150.02,10.86
165732,-12.51,-3.88,23.58,1149.99,1149.98,1150.01,1150.02,11.14
165743,-12.65,-3.88,23.52,1150.00,1149.97,1150.00,1150.03,10.86
165754,-12.75,-3.91,23.46,1149.99,1149.98,1150.01,1150.02,10.83
165766,-12.88,-3.90,23.40,1150.00,1149.98,1150.00,1150.02,11.11
165779,-13.14,-3.86,23.26,1150.00,1149.96,1150.00,1150.04,10.88
165790,-13.29,-3.82,23.19,1150.00,1149.97,1150.00,1150.03,10.83
165801,-13.43,-3.79,23.12,1150.00,1149.97,1150.00,1150.03,10.88
165813,-13.56,-3.78,23.04,1150.00,1149.98,1150.00,1150.02,10.94
165824,-13.69,-3.76,22.98,1150.00,1149.97,1150.00,1150.03,10.88
165835,-13.79,-3.77,22.92,1150.00,1149.98,1150.00,1150.02,10.88
165847,-13.87,-3.77,22.87,1150.00,1149.98,1150.00,1150.02,10.96
165860,-14.01,-3.79,22.80,1150.00,1149.97,1150.00,1150.03,10.86
165871,-14.08,-3.76,22.77,1150.00,1149.98,1150.00,1150.02,11.06
165882,-14.16,-3.72,22.74,1150.00,1149.98,1150.00,1150.02,10.91
165894,-14.21,-3.67,22.71,1150.00,1149.98,1150.00,1150.02,11.11
165905,-14.28,-3.61,22.68,1150.01,1149.98,1149.99,1150.02,11.14
165916,-14.31,-3.59,22.66,1150.00,1149.99,1150.00,1150.01,10.96
165929,-14.32,-3.60,22.64,1150.00,1149.99,1150.00,1150.01,10.99
165941,-14.31,-3.64,22.64,1149.99,1149.99,1150.01,1150.01,10.91
165952,-14.29,-3.68,22.64,1149.99,1149.99,1150.01,1150.01,11.09
165963,-14.30,-3.71,22.64,1149.99,1149.99,1150.01,1150.01,11.14
165975,-14.29,-3.75,22.65,1149.99,1149.99,1150.01,1150.01,11.06
165986,-14.30,-3.78,22.65,1149.99,1149.99,1150.01,1150.01,11.09
165999,-14.36,-3.81,22.66,1149.99,1149.98,1150.01,1150.02,11.14
166010,-14.40,-3.82,22.65,1150.00,1149.99,1150.00,1150.01,10.88
166022,-14.43,-3.84,22.65,1149.99,1149.99,1150.01,1150.01,10.88
166033,-14.44,-3.86,22.66,1150.00,1149.99,1150.00,1150.01,10.94
166044,-14.48,-3.86,22.66,1150.00,1149.99,1150.00,1150.01,10.88
166055,-14.52,-3.86,22.66,1150.00,1149.99,1150.00,1150.01,10.86
166069,-14.63,-3.83,22.67,1150.00,1149.98,1150.00,1150.02,10.99
166080,-14.67,-3.82,22.67,1150.00,1149.99,1150.00,1150.01,10.94
166091,-14.72,-3.81,22.67,1150.00,1149.99,1150.00,1150.01,10.86
166103,-14.76,-3.79,22.66,1150.00,1149.99,1150.00,1150.01,10.83
166114,-14.76,-3.79,22.67,1150.00,1149.99,1150.00,1150.01,11.09
166125,-14.78,-3.77,22.66,1150.00,1149.99,1150.00,1150.01,11.09
166136,-14.78,-3.76,22.66,1150.00,1149.99,1150.00,1150.01,10.91
166150,-14.71,-3.72,22.64,1150.00,1150.00,1150.00,1150.00,11.19
166161,-14.65,-3.70,22.63,1150.00,1150.00,1150.00,1150.00,10.91
166172,-14.57,-3.69,22.62,1150.00,1150.00,1150.00,1150.00,11.06
166183,-14.48,-3.68,22.60,1150.00,1150.00,1150.00,1150.00,10.88
166195,-14.33,-3.70,22.58,1150.00,1150.01,1150.00,1149.99,10.88
166206,-14.16,-3.73,22.55,1149.99,1150.01,1150.01,1149.99,11.14
166219,-13.69,-3.79,22.52,1149.99,1150.06,1150.01,1149.94,11.09
166231,-13.41,-3.81,22.50,1150.00,1150.03,1150.00,1149.97,11.11
166242,-13.11,-3.83,22.48,1150.00,1150.03,1150.00,1149.97,10.86
166253,-12.77,-3.84,22.46,1150.00,1150.04,1150.00,1149.96,10.96
166264,-12.44,-3.84,22.43,1150.00,1150.04,1150.00,1149.96,10.94
166276,-12.09,-3.85,22.39,1150.00,1150.04,1150.00,1149.96,10.88
166289,-11.36,-3.84,22.30,1150.00,1150.09,1150.00,1149.91,10.94
166300,-10.97,-3.85,22.24,1150.00,1150.05,1150.00,1149.95,10.91
166311,-10.59,-3.85,22.19,1150.00,1150.05,1150.00,1149.95,10.88
166323,-10.19,-3.85,22.12,1150.00,1150.05,1150.00,1149.95,10.83
166334,-9.76,-3.86,22.05,1150.00,1150.05,1150.00,1149.95,11.09
166345,-9.37,-3.85,21.98,1150.00,1150.05,1150.00,1149.95,10.94
166355,-8.95,-3.85,21.90,1150.00,1150.05,1150.00,1149.95,11.06
166369,-8.14,-3.80,21.75,1150.01,1150.10,1150.00,1149.90,10.96
166380,-7.71,-3.77,21.68,1150.00,1150.05,1150.00,1149.95,11.16
166391,-7.27,-3.74,21.61,1150.00,1150.06,1150.00,1149.94,10.88
166403,-6.82,-3.74,21.55,1150.00,1150.06,1150.00,1149.94,11.11
166414,-6.37,-3.77,21.49,1149.99,1150.06,1150.01,1149.94,11.19
166425,-5.94,-3.79,21.44,1149.99,1150.05,1150.01,1149.95,11.19
166435,-5.51,-3.82,21.40,1149.99,1150.05,1150.01,1149.95,11.14
166449,-4.70,-3.86,21.31,1149.99,1150.11,1150.01,1149.89,11.01
166460,-4.31,-3.84,21.27,1150.00,1150.05,1150.00,1149.95,10.94
166471,-3.93,-3.80,21.24,1150.00,1150.05,1150.00,1149.95,10.86
166482,-3.59,-3.75,21.20,1150.00,1150.04,1150.00,1149.96,10.94
166494,-3.23,-3.70,21.16,1150.00,1150.05,1150.00,1149.95,10.91
166505,-2.87,-3.66,21.14,1150.00,1150.05,1150.00,1149.95,11.09
166515,-2.53,-3.62,21.12,1150.00,1150.04,1150.00,1149.96,11.19
166529,-1.84,-3.51,21.10,1150.01,1150.09,1149.99,1149.91,11.21
166540,-1.47,-3.46,21.11,1150.01,1150.05,1149.99,1149.95,10.88
166551,-1.08,-3.41,21.12,1150.00,1150.05,1150.00,1149.95,11.11
166562,-0.70,-3.36,21.16,1150.00,1150.05,1150.00,1149.95,11.11
166574,-0.31,-3.32,21.19,1150.00,1150.05,1150.00,1149.95,11.04
166584,0.08,-3.29,21.22,1150.00,1150.05,1150.00,1149.95,11.11
166595,0.45,-3.23,21.27,1150.01,1150.05,1150.00,1149.95,11.19
166608,1.21,-3.16,21.35,1150.01,1150.10,1149.99,1149.90,10.94
166620,1.58,-3.13,21.41,1150.00,1150.05,1150.00,1149.95,10.91
166631,1.96,-3.11,21.46,1150.00,1150.05,1150.00,1149.95,11.16
166641,2.31,-3.07,21.51,1150.00,1150.05,1150.00,1149.95,11.09
166652,2.65,-3.05,21.56,1150.00,1150.05,1150.00,1149.95,10.86
166664,2.99,-3.02,21.60,1150.00,1150.05,1150.00,1149.95,10.96
166675,3.29,-2.99,21.64,1150.00,1150.04,1150.00,1149.96,11.11
166686,3.59,-2.95,21.67,1150.00,1150.04,1150.00,1149.96,10.96
166699,4.15,-2.87,21.72,1150.01,1150.08,1149.99,1149.92,10.91
166710,4.44,-2.84,21.74,1150.00,1150.04,1150.00,1149.96,10.94
166721,4.72,-2.82,21.76,1150.00,1150.04,1150.00,1149.96,10.86
166732,5.00,-2.82,21.78,1150.00,1150.04,1150.00,1149.96,11.14
166744,5.31,-2.86,21.79,1149.99,1150.04,1150.01,1149.96,11.11
166754,5.60,-2.91,21.81,1149.99,1150.04,1150.01,1149.96,10.88
166765,5.91,-3.01,21.82,1149.99,1150.05,1150.01,1149.95,10.96
166778,6.54,-3.21,21.83,1149.97,1150.09,1150.03,1149.91,11.11
166790,6.86,-3.31,21.83,1149.98,1150.05,1150.02,1149.95,11.06
166801,7.17,-3.40,21.83,1149.99,1150.05,1150.01,1149.95,10.91
166811,7.47,-3.47,21.84,1149.99,1150.04,1150.01,1149.96,10.94
166822,7.79,-3.55,21.84,1149.99,1150.05,1150.01,1149.95,10.91
166834,8.08,-3.62,21.84,1149.99,1150.04,1150.01,1149.96,11.06
166845,8.36,-3.67,21.83,1149.99,1150.04,1150.01,1149.96,10.96
166855,8.64,-3.72,21.82,1149.99,1150.04,1150.01,1149.96,11.09
166868,9.16,-3.72,21.78,1150.00,1150.08,1150.00,1149.92,11.26
166880,9.43,-3.69,21.76,1150.00,1150.04,1150.00,1149.96,11.16
166891,9.67,-3.64,21.74,1150.00,1150.04,1150.00,1149.96,11.11
166901,9.94,-3.59,21.71,1150.01,1150.04,1149.99,1149.96,11.11
166913,10.22,-3.53,21.69,1150.01,1150.04,1149.99,1149.96,10.91
166924,10.49,-3.47,21.66,1150.01,1150.04,1149.99,1149.96,10.96
166935,10.79,-3.41,21.64,1150.01,1150.05,1149.99,1149.95,10.78
166946,11.09,-3.32,21.61,1150.01,1150.05,1149.99,1149.95,10.94
166959,11.65,-3.12,21.56,1150.03,1150.08,1149.97,1149.92,10.83
166970,11.92,-2.98,21.53,1150.02,1150.04,1149.98,1149.96,11.16
166981,12.17,-2.84,21.49,1150.02,1150.04,1149.98,1149.96,11.19
166992,12.44,-2.70,21.45,1150.02,1150.04,1149.98,1149.96,10.94
167004,12.66,-2.56,21.41,1150.02,1150.04,1149.98,1149.96,10.88
167014,12.91,-2.43,21.36,1150.02,1150.04,1149.98,1149.96,11.16
167025,13.16,-2.30,21.32,1150.02,1150.04,1149.98,1149.96,10.86
167038,13.64,-2.02,21.22,1150.04,1150.07,1149.96,1149.93,11.16
167050,13.88,-1.86,21.17,1150.02,1150.04,1149.98,1149.96,10.94
167061,14.10,-1.71,21.13,1150.02,1150.04,1149.98,1149.96,10.99
167071,14.34,-1.55,21.08,1150.02,1150.04,1149.98,1149.96,10.96
167083,14.57,-1.39,21.04,1150.02,1150.04,1149.98,1149.96,10.91
167094,14.80,-1.26,21.00,1150.02,1150.04,1149.98,1149.96,10.91
167105,15.05,-1.14,20.96,1150.01,1150.04,1149.99,1149.96,10.86
167115,15.29,-1.04,20.92,1150.01,1150.04,1149.99,1149.96,11.01
167129,15.81,-0.90,20.86,1150.02,1150.08,1149.98,1149.92,11.21
167140,16.04,-0.84,20.83,1150.01,1150.04,1149.99,1149.96,10.94
167151,16.28,-0.81,20.81,1150.00,1150.04,1150.00,1149.96,11.16
167162,16.48,-0.77,20.78,1150.00,1150.04,1150.00,1149.96,10.99
167174,16.65,-0.74,20.75,1150.00,1150.03,1150.00,1149.97,10.88
167184,16.81,-0.74,20.73,1150.00,1150.03,1150.00,1149.97,10.94
167195,16.93,-0.73,20.70,1150.00,1150.03,1150.00,1149.97,10.96
167208,17.12,-0.72,20.64,1150.00,1150.04,1150.00,1149.96,11.01
167220,17.17,-0.70,20.62,1150.00,1150.02,1150.00,1149.98,10.96
167231,17.21,-0.68,20.60,1150.00,1150.02,1150.00,1149.98,11.24
167242,17.24,-0.66,20.59,1150.00,1150.01,1150.00,1149.99,10.96
167252,17.23,-0.65,20.58,1150.00,1150.01,1150.00,1149.99,10.91
167264,17.22,-0.66,20.58,1150.00,1150.01,1150.00,1149.99,10.99
167275,17.18,-0.65,20.57,1150.00,1150.00,1150.00,1150.00,11.01
167286,17.12,-0.65,20.57,1150.00,1150.00,1150.00,1150.00,11.29
167300,16.98,-0.67,20.56,1150.00,1149.99,1150.00,1150.01,11.19
167310,16.91,-0.69,20.56,1150.00,1150.00,1150.00,1150.00,10.99
167321,16.87,-0.73,20.57,1149.99,1150.00,1150.01,1150.00,11.14
167332,16.81,-0.78,20.58,1149.99,1150.00,1150.01,1150.00,11.19
167344,16.78,-0.85,20.59,1149.99,1150.01,1150.01,1149.99,10.96
167355,16.75,-0.93,20.60,1149.99,1150.01,1150.01,1149.99,11.16
167365,16.70,-1.00,20.62,1149.99,1150.00,1150.01,1150.00,11.29
167378,16.63,-1.14,20.66,1149.98,1150.00,1150.02,1150.00,11.21
167390,16.58,-1.18,20.69,1149.99,1150.00,1150.01,1150.00,10.96
167401,16.57,-1.23,20.72,1149.99,1150.01,1150.01,1149.99,10.99
167412,16.53,-1.26,20.75,1150.00,1150.00,1150.00,1150.00,10.99
167422,16.51,-1.31,20.78,1149.99,1150.01,1150.01,1149.99,10.88
167434,16.50,-1.35,20.81,1149.99,1150.01,1150.01,1149.99,11.24
167445,16.46,-1.40,20.83,1149.99,1150.00,1150.01,1150.00,11.24
167456,16.44,-1.46,20.86,1149.99,1150.01,1150.01,1149.99,10.91
167470,16.37,-1.53,20.90,1149.99,1150.00,1150.01,1150.00,11.04
167480,16.34,-1.57,20.92,1149.99,1150.00,1150.01,1150.00,11.01
167491,16.26,-1.57,20.94,1150.00,1150.00,1150.00,1150.00,11.11
167502,16.18,-1.57,20.96,1150.00,1150.00,1150.00,1150.00,10.99
167514,16.11,-1.55,20.97,1150.00,1150.00,1150.00,1150.00,11.01
167525,15.99,-1.52,20.98,1150.00,1149.99,1150.00,1150.01,11.19
167535,15.87,-1.51,20.98,1150.00,1149.99,1150.00,1150.01,10.99
167548,15.56,-1.46,20.99,1150.01,1149.97,1149.99,1150.03,11.06
167560,15.39,-1.45,20.98,1150.00,1149.99,1150.00,1150.01,10.96
167571,15.19,-1.42,20.96,1150.00,1149.98,1150.00,1150.02,11.11
167582,14.95,-1.39,20.95,1150.00,1149.98,1150.00,1150.02,10.99
167592,14.75,-1.39,20.93,1150.00,1149.98,1150.00,1150.02,11.21
167604,14.51,-1.38,20.90,1150.00,1149.98,1150.00,1150.02,10.99
167615,14.28,-1.42,20.88,1149.99,1149.98,1150.01,1150.02,11.04
167626,14.08,-1.50,20.85,1149.99,1149.98,1150.01,1150.02,11.01
167639,13.64,-1.71,20.80,1149.97,1149.95,1150.03,1150.05,10.88
167650,13.45,-1.82,20.78,1149.98,1149.98,1150.02,1150.02,10.96
167661,13.23,-1.92,20.78,1149.99,1149.98,1150.01,1150.02,11.04
167672,13.05,-2.02,20.77,1149.99,1149.98,1150.01,1150.02,10.96
167684,12.87,-2.11,20.78,1149.99,1149.98,1150.01,1150.02,11.04
167694,12.68,-2.22,20.80,1149.98,1149.98,1150.02,1150.02,11.16
167705,12.55,-2.34,20.82,1149.98,1149.99,1150.02,1150.01,10.88
167716,12.40,-2.44,20.84,1149.98,1149.99,1150.02,1150.01,10.96
167730,12.13,-2.66,20.90,1149.97,1149.97,1150.03,1150.03,11.31
167740,11.96,-2.75,20.92,1149.99,1149.98,1150.01,1150.02,10.91
167751,11.80,-2.83,20.95,1149.99,1149.99,1150.01,1150.01,11.01
167762,11.64,-2.88,20.97,1149.99,1149.98,1150.01,1150.02,11.01
167774,11.44,-2.93,20.99,1149.99,1149.98,1150.01,1150.02,10.94
167785,11.28,-2.99,21.00,1149.99,1149.98,1150.01,1150.02,10.91
167795,11.07,-3.02,21.00,1149.99,1149.98,1150.01,1150.02,10.96
167809,10.68,-3.05,21.01,1149.99,1149.95,1150.01,1150.05,11.21
167820,10.45,-3.03,21.02,1150.00,1149.98,1150.00,1150.02,10.94
167831,10.23,-3.02,21.02,1150.00,1149.98,1150.00,1150.02,11.04
167842,10.01,-3.00,21.02,1150.00,1149.98,1150.00,1150.02,11.16
167854,9.76,-2.95,21.02,1150.01,1149.97,1150.00,1150.03,11.11
167864,9.55,-2.93,21.01,1150.00,1149.98,1150.00,1150.02,11.16
167875,9.32,-2.89,21.01,1150.00,1149.98,1150.00,1150.02,10.96
167886,9.09,-2.86,21.01,1150.00,1149.97,1150.00,1150.03,11.29
167900,8.68,-2.78,21.00,1150.01,1149.95,1149.99,1150.05,11.24
167910,8.46,-2.72,21.00,1150.01,1149.97,1149.99,1150.03,11.11
167921,8.27,-2.67,21.01,1150.01,1149.98,1150.00,1150.02,11.11
167932,8.06,-2.61,21.01,1150.01,1149.98,1149.99,1150.02,10.96
167944,7.85,-2.56,21.01,1150.01,1149.98,1149.99,1150.02,10.91
167954,7.67,-2.52,21.01,1150.00,1149.98,1150.00,1150.02,10.88
167965,7.47,-2.46,21.01,1150.01,1149.98,1149.99,1150.02,11.06
167976,7.30,-2.41,21.02,1150.01,1149.98,1149.99,1150.02,10.96
167990,6.91,-2.29,21.03,1150.01,1149.95,1149.99,1150.05,11.14
168000,6.71,-2.24,21.03,1150.01,1149.98,1149.99,1150.02,10.99
168011,6.49,-2.18,21.03,1150.01,1149.97,1149.99,1150.03,11.14
168023,6.25,-2.12,21.03,1150.01,1149.97,1149.99,1150.03,10.88
168034,6.03,-2.10,21.02,1150.00,1149.97,1150.00,1150.03,11.19
168045,5.79,-2.09,21.01,1150.00,1149.97,1150.00,1150.03,11.16
168055,5.55,-2.11,20.99,1150.00,1149.97,1150.00,1150.03,11.14
168069,5.07,-2.23,20.97,1149.98,1149.94,1150.02,1150.06,11.01
168080,4.80,-2.31,20.94,1149.99,1149.97,1150.01,1150.03,10.96
168091,4.52,-2.41,20.92,1149.99,1149.97,1150.01,1150.03,10.81
168102,4.21,-2.50,20.89,1149.99,1149.96,1150.01,1150.04,11.06
168113,3.90,-2.61,20.86,1149.98,1149.96,1150.02,1150.04,11.21
168124,3.58,-2.70,20.83,1149.99,1149.96,1150.01,1150.04,10.91
168135,3.26,-2.79,20.79,1149.99,1149.96,1150.01,1150.04,11.19
168146,2.95,-2.88,20.75,1149.99,1149.96,1150.01,1150.04,11.09
168159,2.31,-3.03,20.68,1149.98,1149.92,1150.02,1150.08,10.99
168170,2.00,-3.10,20.64,1149.99,1149.96,1150.01,1150.04,11.21
168181,1.68,-3.15,20.60,1149.99,1149.96,1150.01,1150.04,11.09
168193,1.36,-3.19,20.56,1149.99,1149.96,1150.01,1150.04,11.14
168204,1.04,-3.22,20.51,1149.99,1149.96,1150.01,1150.04,10.99
168214,0.74,-3.24,20.46,1150.00,1149.96,1150.00,1150.04,11.04
168225,0.45,-3.26,20.40,1149.99,1149.96,1150.01,1150.04,10.99
168237,0.24,-3.29,20.35,1149.99,1149.97,1150.01,1150.03,10.94
168250,-0.10,-3.34,20.27,1149.99,1149.95,1150.01,1150.05,11.24
168261,-0.16,-3.36,20.24,1150.00,1149.99,1150.00,1150.01,11.16
168271,-0.21,-3.36,20.22,1150.00,1149.99,1150.00,1150.01,11.06
168283,-0.22,-3.34,20.21,1150.00,1150.00,1150.00,1150.00,11.21
168294,-0.19,-3.31,20.20,1150.00,1150.00,1150.00,1150.00,11.19
168305,-0.17,-3.27,20.20,1150.00,1150.00,1150.00,1150.00,11.14
168315,-0.09,-3.24,20.19,1150.00,1150.01,1150.00,1149.99,11.19
168329,0.09,-3.19,20.18,1150.00,1150.02,1150.00,1149.98,11.01
168340,0.22,-3.18,20.17,1150.00,1150.02,1150.00,1149.98,11.09
168351,0.32,-3.17,20.15,1150.00,1150.01,1150.00,1149.99,10.94
168363,0.43,-3.15,20.13,1150.00,1150.01,1150.00,1149.99,11.19
168373,0.55,-3.12,20.11,1150.00,1150.02,1150.00,1149.98,11.11
168384,0.62,-3.06,20.08,1150.01,1150.01,1149.99,1149.99,11.16
168395,0.71,-3.00,20.06,1150.01,1150.01,1149.99,1149.99,10.94
168407,0.78,-2.92,20.03,1150.01,1150.01,1149.99,1149.99,10.96
168420,0.88,-2.73,19.97,1150.02,1150.01,1149.98,1149.99,10.94
168430,0.93,-2.64,19.94,1150.01,1150.01,1149.99,1149.99,11.16
168441,0.95,-2.55,19.93,1150.01,1150.00,1149.99,1150.00,11.11
168453,1.00,-2.49,19.92,1150.01,1150.01,1149.99,1149.99,11.14
168464,1.01,-2.41,19.91,1150.01,1150.00,1149.99,1150.00,10.99
168475,1.00,-2.33,19.90,1150.01,1150.00,1149.99,1150.00,10.88
168485,1.01,-2.28,19.90,1150.01,1150.00,1149.99,1150.00,10.91
168499,0.95,-2.15,19.91,1150.02,1149.99,1149.98,1150.01,10.96
168510,0.93,-2.12,19.93,1150.00,1150.00,1150.00,1150.00,10.88
168521,0.87,-2.09,19.95,1150.00,1149.99,1150.00,1150.01,11.09
168532,0.84,-2.10,19.98,1150.00,1150.00,1150.00,1150.00,10.99
168543,0.81,-2.11,20.02,1150.00,1150.00,1150.00,1150.00,11.14
168554,0.74,-2.11,20.06,1150.00,1149.99,1150.00,1150.01,11.11
168565,0.72,-2.13,20.12,1150.00,1150.00,1150.00,1150.00,10.99
168577,0.67,-2.13,20.18,1150.00,1149.99,1150.00,1150.01,10.91
168590,0.59,-2.17,20.34,1149.99,1149.99,1150.01,1150.01,10.99
168600,0.53,-2.18,20.43,1150.00,1149.99,1150.00,1150.01,10.96
168611,0.47,-2.21,20.53,1149.99,1149.99,1150.01,1150.01,10.94
168623,0.44,-2.25,20.64,1149.99,1150.00,1150.01,1150.00,11.11
168634,0.37,-2.28,20.75,1149.99,1149.99,1150.01,1150.01,11.16
168645,0.33,-2.33,20.88,1149.99,1149.99,1150.01,1150.01,10.94
168655,0.28,-2.36,21.01,1149.99,1149.99,1150.01,1150.01,10.86
168669,0.17,-2.40,21.29,1149.99,1149.99,1150.01,1150.01,11.26
168680,0.11,-2.40,21.45,1150.00,1149.99,1150.00,1150.01,11.14
168691,0.05,-2.39,21.61,1150.00,1149.99,1150.00,1150.01,11.11
168702,0.01,-2.39,21.77,1150.00,1149.99,1150.00,1150.01,11.14
168714,-0.06,-2.39,21.94,1150.00,1149.99,1150.00,1150.01,11.14
168724,-0.11,-2.40,22.11,1150.00,1149.99,1150.00,1150.01,11.04
168735,-0.14,-2.41,22.27,1150.00,1150.00,1150.00,1150.00,11.11
168747,-0.19,-2.42,22.44,1150.00,1149.99,1150.00,1150.01,11.26
168760,-0.25,-2.44,22.77,1150.00,1149.99,1150.00,1150.01,11.11
168771,-0.29,-2.44,22.93,1150.00,1149.99,1150.00,1150.01,10.88
168781,-0.30,-2.46,23.10,1150.00,1150.00,1150.00,1150.00,11.19
168793,-0.31,-2.47,23.25,1150.00,1150.00,1150.00,1150.00,10.91
168804,-0.31,-2.48,23.41,1150.00,1150.00,1150.00,1150.00,11.06
168815,-0.28,-2.51,23.57,1150.00,1150.00,1150.00,1150.00,10.96
168826,-0.25,-2.50,23.73,1150.00,1150.00,1150.00,1150.00,10.94
168839,-0.12,-2.45,24.04,1150.01,1150.02,1149.99,1149.98,11.11
168850,-0.06,-2.39,24.19,1150.01,1150.01,1149.99,1149.99,10.94
168861,0.02,-2.34,24.34,1150.01,1150.01,1149.99,1149.99,10.94
168872,0.11,-2.28,24.47,1150.01,1150.01,1149.99,1149.99,11.09
168884,0.19,-2.23,24.61,1150.01,1150.01,1149.99,1149.99,11.14
168894,0.30,-2.20,24.73,1150.00,1150.01,1150.00,1149.99,10.91
168905,0.38,-2.17,24.84,1150.00,1150.01,1150.00,1149.99,11.06
168916,0.46,-2.15,24.95,1150.00,1150.01,1150.00,1149.99,11.19
168930,0.63,-2.11,25.15,1150.00,1150.02,1150.00,1149.98,11.01
168941,0.71,-2.10,25.25,1150.00,1150.01,1150.00,1149.99,10.88
168951,0.80,-2.11,25.34,1150.00,1150.01,1150.00,1149.99,10.94
168963,0.88,-2.11,25.43,1150.00,1150.01,1150.00,1149.99,11.14
168974,0.98,-2.14,25.52,1149.99,1150.01,1150.01,1149.99,11.09
168985,1.08,-2.19,25.61,1149.99,1150.01,1150.01,1149.99,11.14
168995,1.17,-2.24,25.71,1149.99,1150.01,1150.01,1149.99,11.19
169009,1.36,-2.37,25.91,1149.98,1150.03,1150.02,1149.97,10.96
169020,1.42,-2.44,26.01,1149.99,1150.01,1150.01,1149.99,11.11
169031,1.49,-2.50,26.12,1149.99,1150.01,1150.01,1149.99,10.99
169042,1.52,-2.56,26.23,1149.99,1150.00,1150.01,1150.00,10.88
169053,1.54,-2.61,26.33,1149.99,1150.00,1150.01,1150.00,11.09
169064,1.55,-2.65,26.43,1149.99,1150.00,1150.01,1150.00,11.19
169075,1.53,-2.67,26.53,1150.00,1150.00,1150.00,1150.00,10.88
169086,1.51,-2.69,26.63,1150.00,1150.00,1150.00,1150.00,10.94
169100,1.38,-2.73,26.82,1149.99,1149.98,1150.01,1150.02,10.99
169110,1.30,-2.76,26.92,1149.99,1149.99,1150.01,1150.01,11.14
169121,1.19,-2.78,27.01,1149.99,1149.99,1150.01,1150.01,11.09
169133,1.06,-2.81,27.09,1149.99,1149.98,1150.01,1150.02,11.16
169144,0.93,-2.84,27.18,1149.99,1149.98,1150.01,1150.02,10.91
169155,0.80,-2.84,27.26,1150.00,1149.98,1150.00,1150.02,10.91
169165,0.66,-2.84,27.34,1150.00,1149.98,1150.00,1150.02,11.21
169177,0.54,-2.83,27.42,1150.00,1149.98,1150.00,1150.02,11.11
169190,0.25,-2.77,27.57,1150.01,1149.96,1149.99,1150.04,11.11
169201,0.13,-2.75,27.65,1150.00,1149.98,1150.00,1150.02,10.96
169212,-0.00,-2.73,27.72,1150.00,1149.98,1150.00,1150.02,10.96
169223,-0.13,-2.73,27.79,1150.00,1149.98,1150.00,1150.02,10.88
169234,-0.23,-2.72,27.85,1150.00,1149.99,1150.00,1150.01,10.96
169245,-0.36,-2.69,27.92,1150.00,1149.98,1150.00,1150.02,11.16
169256,-0.47,-2.66,27.98,1150.00,1149.98,1150.00,1150.02,11.09
169270,-0.68,-2.53,28.09,1150.01,1149.97,1149.99,1150.03,11.01
169280,-0.74,-2.48,28.14,1150.01,1149.99,1149.99,1150.01,11.16
169291,-0.79,-2.39,28.20,1150.01,1149.99,1149.99,1150.01,10.86
169303,-0.83,-2.32,28.24,1150.01,1149.99,1149.99,1150.01,10.91
169314,-0.82,-2.24,28.29,1150.01,1150.00,1149.99,1150.00,11.19
169325,-0.81,-2.15,28.34,1150.01,1150.00,1149.99,1150.00,11.11
169335,-0.75,-2.06,28.39,1150.01,1150.01,1149.99,1149.99,11.11
169347,-0.67,-1.97,28.44,1150.01,1150.01,1149.99,1149.99,11.04
169360,-0.49,-1.79,28.53,1150.02,1150.02,1149.98,1149.98,11.06
169371,-0.36,-1.70,28.57,1150.01,1150.02,1149.99,1149.98,11.09
169382,-0.25,-1.61,28.62,1150.01,1150.02,1149.99,1149.98,11.16
169394,-0.09,-1.53,28.66,1150.01,1150.02,1149.99,1149.98,11.14
169404,0.05,-1.42,28.70,1150.01,1150.02,1149.99,1149.98,10.96
169415,0.20,-1.31,28.73,1150.01,1150.02,1149.99,1149.98,10.96
169426,0.37,-1.21,28.76,1150.01,1150.02,1149.99,1149.98,10.91
169440,0.63,-0.97,28.83,1150.03,1150.04,1149.97,1149.96,11.06
169451,0.76,-0.85,28.85,1150.02,1150.02,1149.98,1149.98,11.11
169462,0.84,-0.73,28.88,1150.02,1150.01,1149.98,1149.99,10.96
169473,0.94,-0.65,28.90,1150.01,1150.01,1149.99,1149.99,10.91
169484,1.02,-0.55,28.92,1150.01,1150.01,1149.99,1149.99,10.96
169495,1.06,-0.46,28.94,1150.01,1150.01,1149.99,1149.99,10.99
169506,1.12,-0.40,28.97,1150.01,1150.01,1149.99,1149.99,10.91
169520,1.19,-0.28,29.01,1150.02,1150.01,1149.98,1149.99,10.99
169531,1.23,-0.24,29.03,1150.00,1150.01,1150.00,1149.99,11.16
169541,1.22,-0.22,29.05,1150.00,1150.00,1150.00,1150.00,11.11
169552,1.22,-0.21,29.07,1150.00,1150.00,1150.00,1150.00,10.96
169564,1.22,-0.22,29.10,1150.00,1150.00,1150.00,1150.00,11.19
169575,1.19,-0.22,29.12,1150.00,1150.00,1150.00,1150.00,10.88
169586,1.17,-0.25,29.14,1150.00,1150.00,1150.00,1150.00,11.11
169596,1.13,-0.26,29.17,1150.00,1150.00,1150.00,1150.00,11.09
169610,1.02,-0.30,29.22,1149.99,1149.99,1150.01,1150.01,10.96
169621,0.93,-0.30,29.25,1150.00,1149.99,1150.00,1150.01,10.88
169632,0.85,-0.31,29.27,1150.00,1149.99,1150.00,1150.01,11.19
169644,0.78,-0.30,29.30,1150.00,1149.99,1150.00,1150.01,11.14
169655,0.68,-0.27,29.33,1150.00,1149.99,1150.00,1150.01,11.09
169665,0.61,-0.26,29.36,1150.00,1149.99,1150.00,1150.01,11.16
169676,0.52,-0.22,29.38,1150.00,1149.99,1150.00,1150.01,10.88
169690,0.32,-0.17,29.44,1150.01,1149.97,1149.99,1150.03,10.99
169701,0.22,-0.16,29.46,1150.00,1149.99,1150.00,1150.01,10.91
169712,0.13,-0.16,29.49,1150.00,1149.99,1150.00,1150.01,10.96
169723,0.09,-0.21,29.52,1149.99,1149.99,1150.01,1150.01,11.11
169734,0.01,-0.25,29.55,1150.00,1149.99,1150.01,1150.01,10.94
169745,-0.04,-0.30,29.57,1149.99,1149.99,1150.01,1150.01,10.94
169756,-0.10,-0.36,29.60,1149.99,1149.99,1150.01,1150.01,11.06
169769,-0.29,-0.46,29.65,1149.99,1149.97,1150.01,1150.03,11.04
169781,-0.38,-0.49,29.67,1150.00,1149.99,1150.00,1150.01,11.14
169791,-0.50,-0.52,29.69,1150.00,1149.98,1150.00,1150.02,10.88
169802,-0.59,-0.57,29.71,1149.99,1149.99,1150.01,1150.01,10.94
169814,-0.73,-0.59,29.73,1150.00,1149.98,1150.00,1150.02,11.16
169825,-0.87,-0.62,29.75,1150.00,1149.98,1150.00,1150.02,11.06
169836,-1.00,-0.65,29.77,1149.99,1149.98,1150.01,1150.02,10.94
169847,-1.17,-0.66,29.78,1150.00,1149.98,1150.00,1150.02,11.04
169860,-1.47,-0.69,29.81,1150.00,1149.96,1150.00,1150.04,11.11
169871,-1.64,-0.68,29.83,1150.00,1149.98,1150.00,1150.02,10.88
169882,-1.76,-0.70,29.84,1150.00,1149.98,1150.00,1150.02,10.99
169893,-1.89,-0.72,29.85,1150.00,1149.98,1150.00,1150.02,10.91
169905,-2.04,-0.75,29.86,1150.00,1149.98,1150.00,1150.02,11.06
169916,-2.15,-0.81,29.87,1149.99,1149.98,1150.01,1150.02,10.94
169927,-2.29,-0.86,29.88,1149.99,1149.98,1150.01,1150.02,10.91
169939,-2.49,-0.97,29.89,1149.98,1149.97,1150.02,1150.03,11.09
169951,-2.59,-1.03,29.90,1149.99,1149.98,1150.01,1150.02,11.11
169962,-2.67,-1.10,29.90,1149.99,1149.99,1150.01,1150.01,11.19
169973,-2.73,-1.17,29.91,1149.99,1149.99,1150.01,1150.01,10.88
169985,-2.80,-1.23,29.91,1149.99,1149.99,1150.01,1150.01,10.94
169996,-2.83,-1.29,29.91,1149.99,1149.99,1150.01,1150.01,11.14
170006,-2.85,-1.34,29.91,1149.99,1150.00,1150.01,1150.00,11.06
170019,-2.82,-1.38,29.91,1149.99,1150.00,1150.01,1150.00,11.16
170031,-2.81,-1.35,29.91,1150.00,1150.00,1150.00,1150.00,10.94
170042,-2.76,-1.33,29.90,1150.00,1150.00,1150.00,1150.00,11.09
170053,-2.67,-1.30,29.90,1150.00,1150.01,1150.00,1149.99,11.11
170064,-2.61,-1.26,29.89,1150.00,1150.01,1150.00,1149.99,11.16
170076,-2.51,-1.25,29.89,1150.00,1150.01,1150.00,1149.99,10.86
170086,-2.40,-1.24,29.88,1150.00,1150.01,1150.00,1149.99,11.09
170099,-2.15,-1.20,29.86,1150.00,1150.03,1150.00,1149.97,11.16
170110,-2.03,-1.17,29.85,1150.00,1150.02,1150.00,1149.98,10.91
170122,-1.92,-1.14,29.84,1150.00,1150.01,1150.00,1149.99,11.09
170133,-1.78,-1.10,29.82,1150.00,1150.02,1150.00,1149.98,10.96
170144,-1.67,-1.06,29.80,1150.00,1150.02,1150.00,1149.98,11.11
170155,-1.54,-1.06,29.78,1150.00,1150.02,1150.00,1149.98,10.86
170166,-1.37,-1.08,29.76,1150.00,1150.02,1150.00,1149.98,10.96
170177,-1.22,-1.11,29.74,1150.00,1150.02,1150.00,1149.98,11.14
170190,-0.84,-1.25,29.69,1149.98,1150.05,1150.02,1149.95,10.94
170202,-0.69,-1.34,29.66,1149.99,1150.02,1150.01,1149.98,11.14
170213,-0.49,-1.45,29.63,1149.98,1150.03,1150.02,1149.97,11.16
170223,-0.31,-1.55,29.60,1149.99,1150.02,1150.01,1149.98,11.09
170234,-0.13,-1.65,29.56,1149.99,1150.02,1150.01,1149.98,10.91
170246,0.09,-1.75,29.52,1149.99,1150.03,1150.01,1149.97,11.14
170257,0.28,-1.83,29.49,1149.99,1150.03,1150.01,1149.97,10.88
170270,0.72,-1.98,29.40,1149.98,1150.06,1150.02,1149.94,11.26
170280,0.89,-2.02,29.35,1149.99,1150.02,1150.01,1149.98,10.94
170292,1.01,-2.08,29.30,1149.99,1150.02,1150.01,1149.98,10.88
170303,1.06,-2.12,29.24,1149.99,1150.01,1150.01,1149.99,10.91
170314,1.06,-2.13,29.18,1150.00,1150.00,1150.00,1150.00,10.94
170324,1.09,-2.13,29.10,1150.00,1150.00,1150.00,1150.00,11.06
170336,1.09,-2.12,29.01,1150.00,1150.00,1150.00,1150.00,11.11
170347,1.10,-2.12,28.92,1150.00,1150.00,1150.00,1150.00,10.99
170360,1.20,-2.07,28.72,1150.01,1150.01,1149.99,1149.99,11.09
170371,1.25,-2.06,28.61,1150.00,1150.01,1150.00,1149.99,11.09
170382,1.26,-2.09,28.48,1150.00,1150.00,1150.00,1150.00,11.16
170393,1.23,-2.10,28.35,1150.00,1150.00,1150.00,1150.00,11.09
170404,1.26,-2.14,28.20,1149.99,1150.00,1150.01,1150.00,11.06
170415,1.31,-2.16,28.04,1150.00,1150.01,1150.00,1149.99,10.96
170426,1.39,-2.18,27.88,1150.00,1150.01,1150.00,1149.99,10.88
170437,1.56,-2.19,27.72,1150.00,1150.02,1150.00,1149.98,10.88
170449,2.00,-2.18,27.41,1150.00,1150.06,1150.00,1149.94,10.99
170461,2.33,-2.19,27.25,1150.00,1150.05,1150.00,1149.95,10.91
170472,2.66,-2.22,27.09,1150.00,1150.05,1150.00,1149.95,10.88
170483,3.03,-2.26,26.94,1149.99,1150.05,1150.01,1149.95,11.16
170493,3.41,-2.30,26.78,1149.99,1150.05,1150.01,1149.95,10.94
170505,3.76,-2.33,26.62,1149.99,1150.05,1150.01,1149.95,10.88
170516,4.11,-2.38,26.45,1149.99,1150.05,1150.01,1149.95,11.16
170527,4.45,-2.42,26.28,1149.99,1150.05,1150.01,1149.95,10.91
170540,5.06,-2.55,25.90,1149.98,1150.08,1150.02,1149.92,11.11
170551,5.31,-2.61,25.70,1149.99,1150.04,1150.01,1149.96,10.94
170562,5.53,-2.67,25.49,1149.99,1150.03,1150.01,1149.97,10.99
170572,5.71,-2.74,25.27,1149.99,1150.03,1150.01,1149.97,11.09
170584,5.79,-2.78,25.03,1149.99,1150.01,1150.01,1149.99,10.96
170595,5.83,-2.83,24.78,1149.99,1150.01,1150.01,1149.99,10.91
170606,5.82,-2.82,24.52,1150.00,1150.00,1150.00,1150.00,11.09
170616,5.76,-2.78,24.26,1150.00,1150.00,1150.00,1150.00,11.21
170630,5.63,-2.64,23.71,1150.02,1149.99,1149.98,1150.01,11.01
170641,5.56,-2.55,23.44,1150.01,1149.99,1149.99,1150.01,11.09
170651,5.53,-2.46,23.18,1150.01,1150.00,1149.99,1150.00,11.14
170662,5.50,-2.33,22.93,1150.02,1150.00,1149.98,1150.00,10.94
170674,5.51,-2.21,22.70,1150.01,1150.00,1149.99,1150.00,10.86
170685,5.53,-2.10,22.48,1150.01,1150.01,1149.99,1149.99,10.94
170695,5.52,-2.01,22.27,1150.01,1150.00,1149.99,1150.00,10.94
170706,5.49,-1.94,22.05,1150.01,1150.00,1149.99,1150.00,10.88
170720,5.41,-1.83,21.62,1150.01,1149.99,1149.99,1150.01,11.14
170731,5.39,-1.77,21.40,1150.01,1150.00,1149.99,1150.00,10.94
170741,5.36,-1.70,21.19,1150.01,1150.00,1149.99,1150.00,11.01
170753,5.32,-1.62,20.97,1150.01,1150.00,1149.99,1150.00,11.11
170764,5.31,-1.56,20.76,1150.01,1150.00,1149.99,1150.00,11.14
170775,5.30,-1.50,20.56,1150.01,1150.00,1149.99,1150.00,11.06
170785,5.28,-1.47,20.35,1150.00,1150.00,1150.00,1150.00,10.91
170797,5.25,-1.47,20.14,1150.00,1150.00,1150.00,1150.00,11.14
170810,5.12,-1.51,19.69,1149.99,1149.99,1150.01,1150.01,11.16
170821,5.06,-1.54,19.47,1150.00,1149.99,1150.00,1150.01,11.09
170831,4.99,-1.55,19.24,1150.00,1149.99,1150.00,1150.01,10.94
170843,4.94,-1.59,19.02,1149.99,1150.00,1150.01,1150.00,10.88
170854,4.88,-1.62,18.81,1149.99,1149.99,1150.01,1150.01,10.91
170865,4.83,-1.67,18.60,1149.99,1150.00,1150.01,1150.00,11.14
170875,4.80,-1.74,18.40,1149.99,1150.00,1150.01,1150.00,11.09
170887,4.73,-1.83,18.20,1149.99,1149.99,1150.01,1150.01,11.11
170900,4.52,-2.10,17.75,1149.96,1149.97,1150.04,1150.03,11.16
170911,4.38,-2.22,17.51,1149.98,1149.98,1150.02,1150.02,10.88
170923,4.26,-2.34,17.26,1149.98,1149.99,1150.02,1150.01,10.91
170934,4.14,-2.44,17.02,1149.99,1149.99,1150.01,1150.01,11.16
170944,4.02,-2.53,16.78,1149.99,1149.99,1150.01,1150.01,10.91
170955,3.92,-2.62,16.53,1149.99,1149.99,1150.01,1150.01,10.88
170967,3.83,-2.71,16.30,1149.99,1149.99,1150.01,1150.01,11.16
170980,3.66,-2.90,15.81,1149.97,1149.98,1150.03,1150.02,10.91
170991,3.56,-2.99,15.55,1149.99,1149.99,1150.01,1150.01,10.86
171001,3.47,-3.07,15.28,1149.99,1149.99,1150.01,1150.01,11.16
171013,3.42,-3.12,15.00,1149.99,1149.99,1150.01,1150.01,11.14
171024,3.36,-3.12,14.72,1150.00,1149.99,1150.00,1150.01,11.06
171035,3.33,-3.12,14.44,1150.00,1150.00,1150.00,1150.00,10.94
171046,3.32,-3.09,14.17,1150.00,1150.00,1150.00,1150.00,11.14
171057,3.29,-3.03,13.89,1150.01,1150.00,1149.99,1150.00,11.09
171070,3.20,-2.90,13.27,1150.02,1149.99,1149.98,1150.01,11.04
171081,3.11,-2.82,12.91,1150.01,1149.99,1149.99,1150.01,10.96
171092,3.05,-2.74,12.53,1150.01,1149.99,1149.99,1150.01,10.88
171104,2.98,-2.65,12.14,1150.01,1149.99,1149.99,1150.01,10.91
171115,2.92,-2.55,11.74,1150.01,1149.99,1149.99,1150.01,10.91
171125,2.88,-2.42,11.33,1150.02,1150.00,1149.98,1150.00,11.09
171137,2.85,-2.27,10.92,1150.02,1150.00,1149.98,1150.00,11.11
171150,2.84,-1.98,10.09,1150.04,1150.00,1149.96,1150.00,11.04
171161,2.84,-1.85,9.67,1150.02,1150.00,1149.98,1150.00,11.11
171171,2.84,-1.75,9.22,1150.01,1150.00,1149.99,1150.00,10.91
171183,2.81,-1.67,8.76,1150.01,1150.00,1149.99,1150.00,11.14
171194,2.79,-1.60,8.27,1150.01,1150.00,1149.99,1150.00,10.86
171205,2.80,-1.53,7.78,1150.01,1150.00,1149.99,1150.00,10.91
171215,2.79,-1.44,7.27,1150.01,1150.00,1149.99,1150.00,10.99
171227,2.78,-1.37,6.75,1150.01,1150.00,1149.99,1150.00,11.14
171240,2.83,-1.28,5.72,1150.01,1150.01,1149.99,1149.99,11.11
171251,2.89,-1.29,5.21,1150.00,1150.01,1150.00,1149.99,10.94
171262,2.96,-1.29,4.70,1150.00,1150.01,1150.00,1149.99,10.88
171274,2.99,-1.29,4.19,1150.00,1150.01,1150.00,1149.99,11.09
171284,3.04,-1.27,3.69,1150.00,1150.01,1150.00,1149.99,10.94
171295,3.09,-1.25,3.18,1150.00,1150.01,1150.00,1149.99,11.11
171307,3.14,-1.24,2.69,1150.00,1150.01,1150.00,1149.99,10.91
171318,3.23,-1.26,2.21,1150.00,1150.01,1150.00,1149.99,11.14
171331,3.43,-1.41,1.31,1149.98,1150.03,1150.02,1149.97,11.01
171341,3.56,-1.51,0.89,1149.99,1150.02,1150.01,1149.98,11.09
171353,3.66,-1.60,0.47,1149.99,1150.02,1150.01,1149.98,10.88
171364,3.75,-1.68,0.07,1149.99,1150.01,1150.01,1149.99,10.94
171375,3.84,-1.75,-0.33,1149.99,1150.01,1150.01,1149.99,11.09
171386,3.89,-1.80,-0.73,1149.99,1150.01,1150.01,1149.99,11.16
171398,3.95,-1.88,-1.11,1149.99,1150.01,1150.01,1149.99,11.21
171411,4.04,-2.05,-1.83,1149.98,1150.01,1150.02,1149.99,10.96
171422,4.09,-2.15,-2.18,1149.99,1150.01,1150.01,1149.99,11.14
171433,4.10,-2.21,-2.51,1149.99,1150.00,1150.01,1150.00,11.01
171445,4.09,-2.25,-2.84,1149.99,1150.00,1150.01,1150.00,10.88
171456,4.08,-2.27,-3.15,1150.00,1150.00,1150.00,1150.00,10.96
171466,4.01,-2.26,-3.48,1150.00,1149.99,1150.00,1150.01,11.01
171480,3.83,-2.21,-4.11,1150.00,1149.98,1150.00,1150.02,10.96
171491,3.72,-2.18,-4.43,1150.00,1149.99,1150.00,1150.01,10.96
171502,3.62,-2.16,-4.74,1150.00,1149.99,1150.00,1150.01,11.01
171513,3.50,-2.14,-5.05,1150.00,1149.99,1150.00,1150.01,10.99
171525,3.36,-2.12,-5.36,1150.00,1149.98,1150.00,1150.02,11.19
171536,3.23,-2.09,-5.67,1150.00,1149.98,1150.00,1150.02,11.11
171546,3.07,-2.04,-5.98,1150.01,1149.98,1149.99,1150.02,11.24
171559,2.74,-1.92,-6.62,1150.01,1149.96,1149.99,1150.04,10.94
171571,2.52,-1.86,-6.97,1150.01,1149.97,1149.99,1150.03,10.94
171582,2.30,-1.82,-7.33,1150.00,1149.97,1150.00,1150.03,10.96
171593,2.10,-1.77,-7.70,1150.01,1149.97,1149.99,1150.03,11.09
171604,1.87,-1.70,-8.09,1150.01,1149.97,1149.99,1150.03,10.94
171616,1.67,-1.63,-8.48,1150.01,1149.97,1149.99,1150.03,10.94
171627,1.47,-1.53,-8.87,1150.01,1149.97,1149.99,1150.03,11.11
171640,1.13,-1.33,-9.65,1150.03,1149.95,1149.97,1150.05,10.91
171652,0.98,-1.25,-10.04,1150.01,1149.98,1149.99,1150.02,10.88
171663,0.85,-1.18,-10.44,1150.01,1149.98,1149.99,1150.02,11.11
171674,0.76,-1.12,-10.84,1150.01,1149.99,1149.99,1150.01,11.11
171685,0.68,-1.03,-11.24,1150.01,1149.99,1149.99,1150.01,11.14
171697,0.61,-0.95,-11.64,1150.01,1149.99,1149.99,1150.01,11.11
171708,0.57,-0.86,-12.04,1150.01,1149.99,1149.99,1150.01,11.14
171721,0.55,-0.64,-12.83,1150.03,1150.00,1149.97,1150.00,11.14
171732,0.59,-0.51,-13.21,1150.02,1150.01,1149.98,1149.99,11.14
171744,0.62,-0.36,-13.60,1150.02,1150.01,1149.98,1150.00,10.86
171755,0.71,-0.25,-13.97,1150.02,1150.01,1149.98,1149.99,11.09
171766,0.80,-0.13,-14.34,1150.02,1150.01,1149.98,1149.99,11.16
171778,0.91,-0.06,-14.69,1150.01,1150.02,1149.99,1149.98,11.14
171791,1.21,0.11,-15.36,1150.02,1150.04,1149.98,1149.96,10.96
171802,1.36,0.20,-15.68,1150.01,1150.02,1149.99,1149.98,10.96
171813,1.51,0.32,-16.00,1150.02,1150.02,1149.98,1149.98,11.16
171825,1.64,0.46,-16.30,1150.02,1150.02,1149.98,1149.98,11.06
171836,1.80,0.59,-16.59,1150.02,1150.02,1149.98,1149.98,10.88
171847,1.98,0.71,-16.87,1150.02,1150.02,1149.98,1149.98,10.91
171860,2.33,0.84,-17.36,1150.02,1150.05,1149.98,1149.95,10.88
171871,2.51,0.87,-17.58,1150.00,1150.03,1150.00,1149.97,11.09
171882,2.67,0.88,-17.79,1150.00,1150.02,1150.00,1149.98,11.16
171893,2.83,0.89,-17.98,1150.00,1150.02,1150.00,1149.98,11.09
171905,2.95,0.92,-18.17,1150.01,1150.02,1149.99,1149.98,11.16
171916,3.07,0.96,-18.33,1150.01,1150.02,1149.99,1149.98,10.96
171927,3.18,1.01,-18.49,1150.01,1150.02,1149.99,1149.98,10.94
171940,3.27,1.11,-18.75,1150.02,1150.01,1149.98,1149.99,10.91
171952,3.28,1.14,-18.87,1150.00,1150.00,1150.00,1150.00,10.94
171962,3.24,1.17,-18.98,1150.00,1150.00,1150.00,1150.00,11.11
171973,3.21,1.17,-19.08,1150.00,1150.00,1150.00,1150.00,11.11
171984,3.12,1.20,-19.17,1150.00,1149.99,1150.00,1150.01,10.96
171996,3.00,1.23,-19.26,1150.00,1149.99,1150.00,1150.01,11.14
172007,2.88,1.25,-19.34,1150.00,1149.98,1150.00,1150.02,10.91
172020,2.53,1.34,-19.47,1150.01,1149.95,1149.99,1150.05,11.16
172032,2.37,1.37,-19.52,1150.00,1149.98,1150.00,1150.02,10.96
172043,2.18,1.40,-19.56,1150.00,1149.98,1150.00,1150.02,11.06
172054,2.02,1.39,-19.58,1150.00,1149.98,1150.00,1150.02,11.11
172065,1.83,1.42,-19.61,1150.00,1149.98,1150.00,1150.02,10.94
172076,1.59,1.46,-19.64,1150.01,1149.97,1149.99,1150.03,10.91
172087,1.36,1.49,-19.68,1150.01,1149.97,1149.99,1150.03,10.94
172100,0.82,1.57,-19.76,1150.01,1149.93,1149.99,1150.07,10.96
172111,0.60,1.58,-19.80,1150.00,1149.97,1150.00,1150.03,11.11
172123,0.39,1.60,-19.83,1150.00,1149.97,1150.00,1150.03,11.09
172134,0.22,1.61,-19.85,1150.00,1149.98,1150.00,1150.02,10.99
172145,0.09,1.63,-19.85,1150.00,1149.98,1150.00,1150.02,10.94
172156,-0.06,1.69,-19.86,1150.01,1149.98,1149.99,1150.02,11.11
172168,-0.16,1.76,-19.86,1150.01,1149.99,1149.99,1150.01,10.96
172181,-0.37,1.99,-19.87,1150.03,1149.97,1149.97,1150.03,11.11
172192,-0.43,2.11,-19.88,1150.02,1149.99,1149.98,1150.01,10.88
172204,-0.48,2.24,-19.88,1150.02,1149.99,1149.98,1150.01,11.11
172215,-0.49,2.33,-19.88,1150.01,1150.00,1149.99,1150.00,11.09
172226,-0.43,2.40,-19.87,1150.01,1150.01,1149.99,1149.99,10.88
172237,-0.40,2.49,-19.86,1150.01,1150.00,1149.99,1150.00,11.14
172251,-0.24,2.61,-19.85,1150.02,1150.02,1149.98,1149.98,11.04
172262,-0.17,2.68,-19.85,1150.01,1150.01,1149.99,1149.99,11.14
172273,-0.07,2.72,-19.85,1150.01,1150.01,1149.99,1149.99,11.11
172284,0.03,2.75,-19.86,1150.01,1150.01,1149.99,1149.99,11.19
172296,0.12,2.79,-19.86,1150.01,1150.01,1149.99,1149.99,11.09
172306,0.25,2.80,-19.87,1150.00,1150.02,1150.00,1149.98,11.06
172317,0.34,2.82,-19.87,1150.00,1150.01,1150.00,1149.99,11.14
172331,0.53,2.83,-19.90,1150.00,1150.03,1150.00,1149.97,11.19
172342,0.60,2.87,-19.91,1150.01,1150.01,1149.99,1149.99,11.06
172353,0.70,2.88,-19.92,1150.00,1150.01,1150.00,1149.99,11.09
172364,0.79,2.89,-19.93,1150.00,1150.01,1150.00,1149.99,11.14
172376,0.84,2.88,-19.93,1150.00,1150.01,1150.00,1149.99,10.86
172387,0.91,2.86,-19.93,1150.00,1150.01,1150.00,1149.99,11.09
172398,0.95,2.83,-19.94,1150.00,1150.01,1150.00,1149.99,11.11
172411,0.96,2.77,-19.97,1149.99,1150.00,1150.01,1150.00,10.91
172423,0.94,2.78,-19.98,1150.00,1150.00,1150.00,1150.00,11.06
172434,0.92,2.77,-19.99,1150.00,1150.00,1150.00,1150.00,10.94
172444,0.94,2.77,-19.99,1150.00,1150.00,1150.00,1150.00,11.11
172455,0.90,2.80,-19.98,1150.01,1150.00,1149.99,1150.00,10.88
172467,0.88,2.81,-19.98,1150.00,1150.00,1150.00,1150.00,10.94
172480,0.76,2.90,-19.97,1150.01,1149.98,1149.99,1150.02,11.09
172491,0.69,2.92,-19.97,1150.01,1149.99,1149.99,1150.01,11.06
172503,0.60,2.96,-19.98,1150.01,1149.99,1149.99,1150.01,10.91
172514,0.50,2.99,-19.98,1150.00,1149.99,1150.00,1150.01,11.14
172525,0.44,3.00,-19.98,1150.00,1149.99,1150.00,1150.01,10.88
172536,0.36,3.01,-19.97,1150.00,1149.99,1150.00,1150.01,11.16
172548,0.28,3.00,-19.96,1150.00,1149.99,1150.00,1150.01,10.99
172561,0.13,3.02,-19.94,1150.00,1149.98,1150.00,1150.02,11.09
172572,0.07,3.03,-19.93,1150.00,1149.99,1150.00,1150.01,11.11
172583,0.01,3.05,-19.91,1150.00,1149.99,1150.00,1150.01,11.16
172595,-0.06,3.06,-19.90,1150.00,1149.99,1150.00,1150.01,10.88
172605,-0.08,3.05,-19.88,1150.00,1150.00,1150.00,1150.00,10.88
172616,-0.11,3.05,-19.86,1150.00,1150.00,1150.00,1150.00,10.96
172627,-0.13,3.05,-19.84,1150.00,1150.00,1150.00,1150.00,10.94
172641,-0.13,3.02,-19.79,1150.00,1150.00,1150.00,1150.00,10.91
172652,-0.13,3.00,-19.77,1150.00,1150.00,1150.00,1150.00,11.16
172663,-0.10,2.97,-19.75,1150.00,1150.00,1150.00,1150.00,11.16
172675,-0.08,2.95,-19.72,1150.00,1150.00,1150.00,1150.00,10.86
172686,-0.02,2.89,-19.69,1149.99,1150.01,1150.01,1149.99,10.94
172697,0.03,2.84,-19.66,1149.99,1150.01,1150.01,1149.99,11.14
172710,0.14,2.72,-19.61,1149.99,1150.02,1150.01,1149.98,10.99
172722,0.19,2.66,-19.58,1149.99,1150.01,1150.01,1149.99,10.86
172733,0.24,2.59,-19.56,1149.99,1150.01,1150.01,1149.99,10.96
172744,0.31,2.49,-19.54,1149.99,1150.01,1150.01,1149.99,10.91
172755,0.36,2.40,-19.52,1149.99,1150.01,1150.01,1149.99,10.91
172767,0.42,2.30,-19.50,1149.99,1150.01,1150.01,1149.99,11.16
172777,0.48,2.20,-19.49,1149.99,1150.01,1150.01,1149.99,10.88
172790,0.53,2.00,-19.47,1149.97,1150.01,1150.03,1149.99,10.96
172802,0.57,1.92,-19.47,1149.99,1150.01,1150.01,1149.99,10.94
172813,0.60,1.85,-19.46,1149.99,1150.00,1150.01,1150.00,10.91
172824,0.65,1.78,-19.44,1149.99,1150.01,1150.01,1149.99,10.88
172835,0.68,1.73,-19.42,1149.99,1150.00,1150.01,1150.00,11.16
172847,0.69,1.69,-19.40,1150.00,1150.00,1150.00,1150.00,10.94
172858,0.70,1.64,-19.39,1149.99,1150.00,1150.01,1150.00,11.06
172871,0.68,1.57,-19.37,1149.99,1150.00,1150.01,1150.00,11.21
172882,0.68,1.54,-19.37,1150.00,1150.00,1150.00,1150.00,11.14
172893,0.67,1.51,-19.36,1150.00,1150.00,1150.00,1150.00,10.86
172904,0.67,1.48,-19.35,1150.00,1150.00,1150.00,1150.00,11.11
172915,0.68,1.44,-19.35,1150.00,1150.00,1150.00,1150.00,11.14
172926,0.67,1.41,-19.34,1150.00,1150.00,1150.00,1150.00,11.11
172938,0.67,1.37,-19.34,1150.00,1150.00,1150.00,1150.00,10.94
172951,0.64,1.34,-19.33,1150.00,1150.00,1150.00,1150.00,11.21
172962,0.65,1.33,-19.33,1150.00,1150.00,1150.00,1150.00,10.88
172974,0.67,1.33,-19.33,1150.00,1150.00,1150.00,1150.00,10.88
172985,0.68,1.31,-19.32,1150.00,1150.00,1150.00,1150.00,11.14
172996,0.73,1.28,-19.30,1150.00,1150.01,1150.00,1149.99,10.96
173007,0.75,1.25,-19.29,1150.00,1150.00,1150.00,1150.00,11.09
173020,0.81,1.19,-19.26,1149.99,1150.01,1150.01,1149.99,11.16
173032,0.82,1.18,-19.25,1150.00,1150.00,1150.00,1150.00,10.94
173042,0.85,1.16,-19.25,1150.00,1150.00,1150.00,1150.00,11.11
173053,0.88,1.14,-19.24,1150.00,1150.00,1150.00,1150.00,10.96
173065,0.89,1.11,-19.24,1150.00,1150.00,1150.00,1150.00,11.16
173076,0.92,1.07,-19.24,1149.99,1150.01,1150.01,1149.99,10.91
173087,0.95,1.04,-19.23,1150.00,1150.00,1150.00,1150.00,10.94
173101,0.99,1.01,-19.22,1150.00,1150.01,1150.00,1149.99,11.19
173112,1.00,1.01,-19.21,1150.00,1150.00,1150.00,1150.00,10.99
173123,1.02,1.00,-19.21,1150.00,1150.00,1150.00,1150.00,11.11
173134,1.03,1.00,-19.21,1150.00,1150.00,1150.00,1150.00,10.96
173145,1.02,1.01,-19.20,1150.00,1150.00,1150.00,1150.00,11.06
173156,1.02,1.00,-19.20,1150.00,1150.00,1150.00,1150.00,10.86
173167,1.02,0.99,-19.20,1150.00,1150.00,1150.00,1150.00,11.14
173180,1.00,0.94,-19.19,1149.99,1150.00,1150.01,1150.00,11.11
173192,0.99,0.91,-19.19,1150.00,1150.00,1150.00,1150.00,11.04
173203,0.98,0.87,-19.19,1150.00,1150.00,1150.00,1150.00,11.16
173214,0.98,0.84,-19.18,1150.00,1150.00,1150.00,1150.00,10.96
173225,0.96,0.83,-19.18,1150.00,1150.00,1150.00,1150.00,11.11
173237,0.94,0.82,-19.18,1150.00,1150.00,1150.00,1150.00,11.06
173248,0.91,0.84,-19.18,1150.00,1150.00,1150.00,1150.00,11.16
173260,0.84,0.87,-19.19,1150.01,1149.99,1149.99,1150.01,11.11
173272,0.81,0.88,-19.19,1150.00,1150.00,1150.00,1150.00,11.06
173283,0.80,0.87,-19.19,1150.00,1150.00,1150.00,1150.00,11.11
173294,0.81,0.85,-19.18,1150.00,1150.00,1150.00,1150.00,10.94
173305,0.82,0.85,-19.17,1150.00,1150.00,1150.00,1150.00,11.14
173317,0.83,0.85,-19.16,1150.00,1150.00,1150.00,1150.00,11.16
173328,0.85,0.85,-19.15,1150.00,1150.00,1150.00,1150.00,10.88
173341,0.87,0.86,-19.13,1150.00,1150.00,1150.00,1150.00,11.11
173352,0.89,0.86,-19.11,1150.00,1150.00,1150.00,1150.00,11.14
173364,0.90,0.87,-19.11,1150.00,1150.00,1150.00,1150.00,11.11
173374,0.93,0.88,-19.10,1150.00,1150.00,1150.00,1150.00,10.88
173385,0.95,0.90,-19.09,1150.00,1150.00,1150.00,1150.00,11.21
173396,0.96,0.91,-19.08,1150.00,1150.00,1150.00,1150.00,11.14
173408,1.00,0.93,-19.07,1150.00,1150.01,1150.00,1149.99,11.09
173421,1.04,0.95,-19.04,1150.00,1150.01,1150.00,1149.99,11.14
173432,1.08,0.96,-19.03,1150.00,1150.01,1150.00,1149.99,10.94
173444,1.10,0.97,-19.02,1150.00,1150.00,1150.00,1150.00,11.11
173455,1.13,0.96,-19.01,1150.00,1150.00,1150.00,1150.00,10.94
173466,1.14,0.97,-19.00,1150.00,1150.00,1150.00,1150.00,11.16
173476,1.14,0.99,-19.00,1150.00,1150.00,1150.00,1150.00,11.09
173488,1.14,0.99,-19.00,1150.00,1150.00,1150.00,1150.00,10.88
173501,1.13,0.99,-19.01,1150.00,1150.00,1150.00,1150.00,10.94
173512,1.14,0.98,-19.01,1150.00,1150.00,1150.00,1150.00,10.88
173523,1.12,0.98,-19.01,1150.00,1150.00,1150.00,1150.00,11.01
173535,1.11,0.98,-19.02,1150.00,1150.00,1150.00,1150.00,10.94
173546,1.11,0.97,-19.02,1150.00,1150.00,1150.00,1150.00,11.11
173557,1.09,0.96,-19.02,1150.00,1150.00,1150.00,1150.00,11.11
173568,1.10,0.94,-19.01,1150.00,1150.00,1150.00,1150.00,10.99
173581,1.08,0.88,-19.01,1149.99,1150.00,1150.01,1150.00,11.14
173592,1.08,0.84,-19.01,1150.00,1150.00,1150.00,1150.00,10.91
173603,1.06,0.83,-19.02,1150.00,1150.00,1150.00,1150.00,11.16
173615,1.04,0.83,-19.02,1150.00,1150.00,1150.00,1150.00,10.88
173626,1.04,0.82,-19.02,1150.00,1150.00,1150.00,1150.00,10.86
173637,1.01,0.84,-19.02,1150.00,1150.00,1150.00,1150.00,11.14
173647,1.00,0.85,-19.02,1150.00,1150.00,1150.00,1150.00,11.16
173661,0.97,0.88,-19.03,1150.00,1150.00,1150.00,1150.00,11.11
173672,0.97,0.88,-19.04,1150.00,1150.00,1150.00,1150.00,11.14
173683,0.98,0.89,-19.04,1150.00,1150.00,1150.00,1150.00,10.96
173694,0.98,0.90,-19.04,1150.00,1150.00,1150.00,1150.00,10.86
173706,1.00,0.90,-19.04,1150.00,1150.00,1150.00,1150.00,10.88
173717,0.99,0.93,-19.04,1150.00,1150.00,1150.00,1150.00,11.19
173728,0.96,0.95,-19.04,1150.00,1150.00,1150.00,1150.00,11.14
173741,0.94,0.97,-19.06,1150.00,1150.00,1150.00,1150.00,11.11
173752,0.93,0.96,-19.07,1150.00,1150.00,1150.00,1150.00,10.99
173763,0.93,0.96,-19.08,1150.00,1150.00,1150.00,1150.00,10.96
173774,0.91,0.97,-19.09,1150.00,1150.00,1150.00,1150.00,10.88
173786,0.92,0.97,-19.10,1150.00,1150.00,1150.00,1150.00,11.16
173797,0.93,1.00,-19.10,1150.00,1150.00,1150.00,1150.00,10.96
173808,0.91,1.04,-19.10,1150.01,1150.00,1149.99,1150.00,11.11
173821,0.87,1.19,-19.11,1150.02,1149.99,1149.98,1150.01,11.14
173833,0.81,1.28,-19.12,1150.01,1149.99,1149.99,1150.01,10.94
173843,0.78,1.37,-19.15,1150.01,1150.00,1149.99,1150.00,11.09
173854,0.73,1.44,-19.16,1150.01,1149.99,1149.99,1150.01,10.94
173865,0.72,1.47,-19.18,1150.00,1150.00,1150.00,1150.00,10.96
173877,0.74,1.48,-19.19,1150.00,1150.00,1150.00,1150.00,11.11
173888,0.73,1.48,-19.19,1150.00,1150.00,1150.00,1150.00,10.94
173901,0.80,1.44,-19.20,1150.00,1150.01,1150.00,1149.99,10.94
173913,0.81,1.41,-19.20,1150.00,1150.00,1150.00,1150.00,11.14
173924,0.87,1.37,-19.21,1149.99,1150.01,1150.01,1149.99,11.11
173935,0.91,1.32,-19.20,1150.00,1150.01,1150.00,1149.99,10.94
173946,0.97,1.25,-19.20,1149.99,1150.01,1150.01,1149.99,11.11
173958,1.06,1.17,-19.19,1149.99,1150.01,1150.01,1149.99,11.09
173970,1.16,1.03,-19.17,1149.98,1150.01,1150.02,1149.99,11.06
173981,1.21,0.98,-19.16,1149.99,1150.01,1150.01,1149.99,10.96
173992,1.25,0.95,-19.16,1150.00,1150.01,1150.00,1149.99,10.91
174004,1.31,0.90,-19.14,1149.99,1150.01,1150.01,1149.99,10.96
174015,1.36,0.87,-19.13,1150.00,1150.01,1150.00,1149.99,10.94
174026,1.40,0.83,-19.11,1150.00,1150.01,1150.00,1149.99,10.83
174038,1.46,0.78,-19.09,1149.99,1150.01,1150.01,1149.99,10.88
174051,1.49,0.76,-19.05,1150.00,1150.01,1150.00,1149.99,11.01
174061,1.53,0.76,-19.03,1150.00,1150.01,1150.00,1149.99,11.06
174072,1.52,0.78,-19.01,1150.00,1150.00,1150.00,1150.00,11.09
174084,1.54,0.79,-18.98,1150.00,1150.00,1150.00,1150.00,10.94
174095,1.56,0.80,-18.95,1150.00,1150.00,1150.00,1150.00,10.94
174106,1.55,0.82,-18.93,1150.00,1150.00,1150.00,1150.00,11.14
174117,1.58,0.80,-18.90,1150.00,1150.00,1150.00,1150.00,11.14
174129,1.58,0.79,-18.87,1150.00,1150.00,1150.00,1150.00,11.11
174141,1.61,0.72,-18.80,1149.99,1150.00,1150.01,1150.00,11.11
174152,1.60,0.69,-18.76,1150.00,1150.00,1150.00,1150.00,10.94
174163,1.62,0.64,-18.72,1149.99,1150.00,1150.01,1150.00,11.14
174175,1.63,0.60,-18.68,1149.99,1150.00,1150.01,1150.00,11.11
174186,1.60,0.59,-18.65,1150.00,1150.00,1150.00,1150.00,11.16
174197,1.59,0.58,-18.61,1150.00,1150.00,1150.00,1150.00,11.11
174209,1.56,0.59,-18.59,1150.00,1150.00,1150.00,1150.00,11.09
174221,1.51,0.58,-18.55,1150.00,1149.99,1150.00,1150.01,11.14
174232,1.48,0.57,-18.53,1150.00,1150.00,1150.00,1150.00,11.14
174243,1.46,0.56,-18.51,1150.00,1150.00,1150.00,1150.00,11.06
174255,1.47,0.53,-18.50,1150.00,1150.00,1150.00,1150.00,11.11
174266,1.46,0.52,-18.48,1150.00,1150.00,1150.00,1150.00,10.94
174277,1.47,0.49,-18.46,1150.00,1150.00,1150.00,1150.00,10.88
174288,1.51,0.44,-18.45,1149.99,1150.01,1150.01,1149.99,11.11
174302,1.56,0.31,-18.42,1149.98,1150.01,1150.02,1149.99,11.14
174313,1.57,0.25,-18.42,1149.99,1150.00,1150.01,1150.00,10.91
174323,1.57,0.22,-18.41,1150.00,1150.00,1150.00,1150.00,10.88
174334,1.61,0.19,-18.41,1150.00,1150.01,1150.00,1149.99,10.96
174346,1.62,0.20,-18.42,1150.00,1150.00,1150.00,1150.00,10.94
174357,1.63,0.21,-18.41,1150.00,1150.00,1150.00,1150.00,10.88
174368,1.68,0.20,-18.41,1150.00,1150.01,1150.00,1149.99,10.94
174382,1.70,0.20,-18.41,1150.00,1150.00,1150.00,1150.00,10.88
