Time,Roll,Pitch,Yaw,Voltage
447907,0.01,-0.01,1.89,0.05
447912,0.01,-0.01,1.89,0.05
447920,0.01,-0.01,1.89,0.05
447927,0.01,-0.01,1.89,0.05
447932,0.01,-0.01,1.89,0.05
447939,0.01,-0.01,1.89,0.05
447946,0.01,-0.01,1.89,0.05
447950,0.01,-0.01,1.89,0.05
447958,-0.00,-0.01,1.89,0.05
447963,-0.00,-0.01,1.89,0.05
447970,-0.00,-0.01,1.89,0.05
447977,-0.00,-0.02,1.89,0.05
447982,-0.00,-0.02,1.89,0.05
447989,0.01,-0.02,1.90,0.05
447996,0.01,-0.02,1.90,0.05
448001,0.01,-0.02,1.90,0.05
448009,0.01,-0.01,1.90,0.05
448016,0.01,-0.01,1.89,0.05
448020,0.01,-0.01,1.89,0.05
448027,0.01,-0.01,1.89,0.05
448032,0.01,-0.01,1.89,0.05
448039,0.01,-0.01,1.89,0.05
448047,-0.00,-0.01,1.89,0.05
448052,-0.00,-0.01,1.89,0.05
448059,0.01,-0.01,1.89,0.05
448066,0.01,-0.01,1.89,0.05
448070,0.01,-0.01,1.89,0.05
448077,0.01,-0.01,1.89,0.05
448082,0.01,-0.01,1.89,0.05
448090,0.01,-0.01,1.89,0.05
448097,0.01,-0.01,1.89,0.05
448102,0.01,-0.01,1.89,0.05
448109,0.01,-0.01,1.89,0.05
448116,0.01,-0.01,1.89,0.05
448120,0.01,-0.01,1.89,0.05
448129,-0.00,-0.01,1.89,0.05
448133,-0.00,-0.01,1.89,0.05
448140,-0.00,-0.01,1.89,0.05
448147,-0.00,-0.02,1.89,0.05
448152,-0.00,-0.02,1.89,0.05
448159,0.01,-0.02,1.89,0.05
448166,0.01,-0.01,1.89,0.05
448172,0.01,-0.01,1.89,0.05
448179,0.01,-0.01,1.90,0.05
448186,0.01,-0.01,1.89,0.05
448190,0.01,-0.01,1.89,0.05
448197,0.01,-0.01,1.89,0.05
448202,0.01,-0.01,1.89,0.05
448209,0.01,-0.01,1.89,0.05
448217,0.01,-0.01,1.89,0.05
448222,0.01,-0.01,1.89,0.05
448229,0.01,-0.01,1.89,0.05
448236,0.01,-0.01,1.89,0.05
448240,0.01,-0.01,1.89,0.05
448247,0.01,-0.01,1.89,0.05
448252,0.01,-0.01,1.89,0.05
448260,0.01,-0.01,1.89,0.05
448267,0.01,-0.01,1.89,0.05
448272,0.01,-0.01,1.89,0.05
448279,0.01,-0.01,1.89,0.05
448286,0.01,-0.01,1.89,0.05
448291,0.01,-0.01,1.89,0.05
448299,0.01,-0.02,1.89,0.05
448303,0.01,-0.02,1.89,0.08
448310,0.01,-0.02,1.89,0.05
448317,0.01,-0.02,1.89,0.05
448322,0.01,-0.02,1.89,0.05
448329,0.01,-0.01,1.89,0.05
448336,-0.00,-0.01,1.89,0.05
448342,-0.00,-0.01,1.89,0.05
448349,-0.00,-0.01,1.89,0.05
448356,-0.00,-0.01,1.89,0.05
448360,-0.00,-0.01,1.89,0.05
448367,-0.00,-0.01,1.89,0.05
448372,-0.00,-0.01,1.89,0.05
448379,0.01,-0.01,1.89,0.05
448387,0.01,-0.01,1.89,0.05
448392,0.01,-0.01,1.89,0.05
448399,0.01,-0.01,1.89,0.05
448406,0.01,-0.01,1.89,0.05
448410,0.01,-0.01,1.89,0.05
448418,0.01,-0.01,1.89,0.05
448422,0.01,-0.01,1.89,0.05
448430,0.01,-0.01,1.89,0.05
448437,0.01,-0.01,1.89,0.05
448442,0.01,-0.01,1.89,0.05
448449,0.01,-0.01,1.89,0.05
448456,0.01,-0.01,1.89,0.05
448460,0.01,-0.01,1.89,0.05
448468,0.01,-0.01,1.89,0.05
448473,0.01,-0.01,1.89,0.05
448480,0.01,-0.01,1.89,0.05
448487,0.01,-0.01,1.89,0.05
448492,0.01,-0.01,1.89,0.05
448499,0.01,-0.01,1.89,0.05
448506,0.01,-0.01,1.89,0.05
448512,0.01,-0.01,1.89,0.05
448519,0.01,-0.01,1.89,0.08
448526,0.01,-0.01,1.89,0.05
448530,0.01,-0.01,1.89,0.05
448537,0.01,-0.01,1.89,0.05
448542,0.01,-0.01,1.89,0.05
448549,0.01,-0.01,1.89,0.05
448557,0.01,-0.01,1.89,0.05
448562,0.01,-0.01,1.89,0.05
448569,0.01,-0.01,1.89,0.05
448576,0.01,-0.01,1.89,0.05
448581,0.01,-0.01,1.89,0.05
448588,0.01,-0.01,1.89,0.05
448592,0.01,-0.01,1.89,0.05
448600,0.01,-0.01,1.89,0.05
448607,0.01,-0.01,1.89,0.05
448612,0.01,-0.01,1.89,0.05
448619,0.01,-0.01,1.89,0.05
448626,0.01,-0.01,1.89,0.05
448631,0.01,-0.01,1.89,0.05
448638,0.01,-0.01,1.89,0.05
448643,0.01,-0.01,1.89,0.05
448651,0.01,-0.01,1.89,0.05
448657,0.01,-0.01,1.89,0.05
448662,0.01,-0.01,1.89,0.05
448669,0.01,-0.01,1.89,0.05
448676,0.01,-0.01,1.89,0.05
448681,0.01,-0.01,1.89,0.05
448689,0.01,-0.01,1.89,0.05
448696,0.01,-0.01,1.89,0.05
448701,0.01,-0.01,1.89,0.05
448708,0.01,-0.01,1.89,0.05
448712,0.01,-0.01,1.89,0.05
448719,0.01,-0.01,1.89,0.05
448727,0.01,-0.01,1.89,0.05
448732,0.01,-0.01,1.89,0.05
448739,0.01,-0.01,1.89,0.05
448746,0.01,-0.01,1.89,0.05
448751,0.01,-0.01,1.89,0.05
448758,0.01,-0.01,1.89,0.05
448762,0.01,-0.01,1.89,0.05
448770,0.01,-0.01,1.89,0.05
448777,0.01,-0.01,1.89,0.10
448782,0.01,-0.01,1.89,0.05
448789,0.01,-0.01,1.89,0.05
448796,0.01,-0.01,1.89,0.05
448801,0.01,-0.01,1.89,0.05
448808,0.01,-0.01,1.89,0.05
448816,0.01,-0.01,1.90,0.05
448821,0.01,-0.01,1.90,0.05
448828,0.01,-0.01,1.90,0.05
448832,0.01,-0.01,1.90,0.05
448839,0.01,-0.01,1.90,0.05
448846,0.01,-0.01,1.90,0.05
448851,0.01,-0.01,1.90,0.05
448859,0.01,-0.01,1.90,0.05
448866,0.01,-0.01,1.90,0.05
448871,0.01,-0.01,1.90,0.05
448878,0.01,-0.01,1.89,0.05
448882,0.01,-0.01,1.89,0.05
448890,0.01,-0.01,1.89,0.05
448898,0.01,-0.01,1.89,0.05
448902,0.01,-0.01,1.89,0.05
448909,0.01,-0.01,1.89,0.05
448916,0.01,-0.01,1.89,0.05
448921,0.01,-0.01,1.89,0.05
448928,0.02,-0.01,1.89,0.05
448933,0.02,-0.01,1.89,0.05
448941,0.02,-0.01,1.89,0.05
448948,0.02,-0.01,1.89,0.05
448952,0.02,-0.01,1.89,0.05
448959,0.01,-0.01,1.89,0.05
448966,0.01,-0.01,1.89,0.05
448971,0.01,-0.01,1.89,0.05
448978,0.01,-0.01,1.89,0.05
448986,0.01,-0.01,1.90,0.05
448991,0.01,-0.01,1.90,0.05
448998,0.02,-0.01,1.90,0.05
449002,0.02,-0.01,1.90,0.05
449010,0.02,-0.01,1.90,0.05
449017,0.02,-0.01,1.90,0.05
449021,0.02,-0.01,1.90,0.05
449029,0.02,-0.01,1.90,0.05
449036,0.02,-0.01,1.90,0.05
449041,0.02,-0.01,1.90,0.05
449048,0.02,-0.01,1.90,0.05
449053,0.02,-0.01,1.90,0.05
449060,0.02,-0.01,1.90,0.05
449068,0.02,-0.01,1.89,0.05
449072,0.02,-0.01,1.89,0.05
449079,0.03,-0.01,1.89,0.05
449086,0.02,-0.01,1.89,0.05
449091,0.02,-0.01,1.89,0.05
449098,0.02,-0.01,1.89,0.05
449103,0.02,-0.01,1.89,0.05
449111,0.02,-0.01,1.89,0.05
449118,0.01,-0.01,1.89,0.05
449122,0.01,-0.01,1.89,0.05
449129,0.01,-0.01,1.89,0.05
449136,0.01,-0.01,1.89,0.13
449141,0.01,-0.01,1.89,0.05
449148,0.02,-0.01,1.89,0.05
449156,0.02,-0.01,1.90,0.05
449161,0.02,-0.01,1.90,0.05
449168,0.02,-0.01,1.90,0.05
449173,0.02,-0.01,1.90,0.05
449180,0.03,-0.01,1.91,0.05
449187,0.02,-0.01,1.91,0.05
449191,0.02,-0.01,1.91,0.05
449199,0.02,-0.01,1.91,0.05
449206,0.03,-0.01,1.91,0.05
449211,0.03,-0.01,1.91,0.05
449218,0.03,-0.01,1.91,0.05
449223,0.03,-0.01,1.91,0.05
449230,0.03,-0.01,1.90,0.05
449238,0.03,-0.01,1.90,0.05
449242,0.03,-0.01,1.90,0.05
449250,0.03,-0.01,1.89,0.05
449257,0.02,-0.01,1.89,0.05
449261,0.02,-0.01,1.89,0.05
449268,0.02,-0.01,1.89,0.05
449275,0.02,-0.01,1.89,0.05
449281,0.02,-0.01,1.89,0.05
449288,0.02,-0.01,1.89,0.05
449293,0.02,-0.01,1.89,0.05
449300,0.02,-0.02,1.89,0.05
449307,0.02,-0.02,1.89,0.05
449311,0.02,-0.02,1.89,0.05
449318,0.02,-0.02,1.89,0.05
449326,0.02,-0.02,1.90,0.05
449331,0.02,-0.02,1.90,0.05
449338,0.02,-0.02,1.90,0.05
449343,0.02,-0.02,1.90,0.05
449350,0.02,-0.01,1.91,0.05
449357,0.02,-0.01,1.91,0.05
449361,0.02,-0.01,1.91,0.05
449370,0.02,-0.01,1.91,0.05
449377,0.02,-0.01,1.91,0.05
449381,0.02,-0.01,1.91,0.05
449388,0.02,-0.01,1.91,0.05
449393,0.02,-0.01,1.91,0.05
449400,0.03,-0.01,1.91,0.05
449408,0.03,-0.01,1.91,0.05
449413,0.03,-0.01,1.91,0.05
449420,0.03,-0.01,1.90,0.05
449427,0.03,-0.01,1.90,0.05
449431,0.03,-0.01,1.90,0.05
449438,0.03,-0.02,1.90,0.05
449445,0.02,-0.02,1.90,0.05
449451,0.02,-0.02,1.90,0.05
449458,0.02,-0.01,1.89,0.05
449463,0.02,-0.01,1.89,0.05
449470,0.02,-0.01,1.89,0.05
449477,0.02,-0.01,1.89,0.05
449481,0.02,-0.01,1.89,0.08
449489,0.02,-0.01,1.90,0.05
449497,0.02,-0.01,1.90,0.05
449501,0.02,-0.01,1.90,0.05
449508,0.02,-0.01,1.90,0.05
449513,0.02,-0.01,1.90,0.05
449520,0.03,-0.01,1.90,0.05
449527,0.03,-0.02,1.91,0.05
449532,0.03,-0.02,1.91,0.05
449540,0.03,-0.02,1.91,0.05
449547,0.03,-0.01,1.91,0.05
449551,0.03,-0.01,1.91,0.05
449558,0.03,-0.01,1.91,0.05
449563,0.03,-0.01,1.91,0.05
449570,0.03,-0.01,1.91,0.05
449577,0.02,-0.01,1.91,0.05
449583,0.02,-0.01,1.91,0.05
449590,0.02,-0.01,1.91,0.05
449597,0.02,-0.01,1.91,0.05
449602,0.02,-0.01,1.91,0.05
449609,0.02,-0.01,1.90,0.05
449616,0.03,-0.01,1.90,0.05
449620,0.03,-0.01,1.90,0.05
449628,0.03,-0.01,1.90,0.05
449633,0.03,-0.01,1.90,0.05
449640,0.03,-0.01,1.90,0.05
449647,0.03,-0.01,1.90,0.05
449652,0.03,-0.01,1.90,0.05
449659,0.03,-0.01,1.90,0.05
449667,0.03,-0.01,1.90,0.05
449671,0.03,-0.01,1.90,0.05
449678,0.02,-0.01,1.91,0.05
449683,0.02,-0.01,1.91,0.05
449690,0.02,-0.02,1.91,0.05
449697,0.02,-0.02,1.91,0.05
449702,0.02,-0.02,1.91,0.05
449710,0.02,-0.02,1.91,0.05
449717,0.02,-0.02,1.91,0.05
449722,0.02,-0.02,1.91,0.05
449729,0.03,-0.01,1.91,0.05
449736,0.03,-0.01,1.91,0.05
449740,0.03,-0.01,1.91,0.05
449747,0.03,-0.01,1.91,0.05
449753,0.03,-0.01,1.91,0.05
449760,0.03,-0.01,1.91,0.05
449767,0.03,-0.01,1.91,0.05
449772,0.03,-0.01,1.91,0.05
449779,0.03,-0.01,1.91,0.05
449786,0.03,-0.01,1.91,0.05
449792,0.03,-0.01,1.91,0.05
449799,0.03,-0.01,1.90,0.05
449803,0.03,-0.01,1.90,0.05
449810,0.03,-0.01,1.90,0.05
449817,0.02,-0.01,1.90,0.05
449822,0.02,-0.01,1.90,0.05
449829,0.02,-0.01,1.90,0.05
449837,0.02,-0.01,1.90,0.05
449842,0.02,-0.01,1.90,0.05
449849,0.02,-0.01,1.90,0.05
449856,0.02,-0.01,1.91,0.05
449861,0.02,-0.01,1.91,0.05
449868,0.02,-0.01,1.91,0.05
449872,0.02,-0.01,1.91,0.05
449880,0.02,-0.01,1.91,0.05
449887,0.02,-0.01,1.91,0.05
449892,0.02,-0.01,1.91,0.05
449899,0.02,-0.01,1.91,0.05
449906,0.02,-0.01,1.91,0.05
449911,0.02,-0.01,1.91,0.05
449918,0.01,-0.01,1.91,0.05
449923,0.01,-0.01,1.91,0.05
449931,0.01,-0.01,1.91,0.05
449938,0.02,-0.01,1.91,0.05
449942,0.02,-0.01,1.91,0.05
449949,0.02,-0.01,1.91,0.05
449956,0.02,-0.01,1.90,0.05
449961,0.02,-0.01,1.90,0.05
449969,0.02,-0.01,1.90,0.05
449976,0.02,-0.01,1.90,0.05
449981,0.02,-0.01,1.90,0.05
449988,0.02,-0.01,1.90,0.05
449993,0.02,-0.01,1.90,0.05
450000,0.02,-0.01,1.90,0.05
450008,0.02,-0.01,1.90,0.05
450012,0.02,-0.01,1.90,0.05
450019,0.02,-0.01,1.91,0.05
450026,0.02,-0.02,1.91,0.05
450031,0.02,-0.02,1.91,0.05
450038,0.01,-0.02,1.91,0.05
450043,0.01,-0.02,1.91,0.05
450051,0.02,-0.01,1.91,0.05
450058,0.02,-0.01,1.91,0.05
450062,0.02,-0.01,1.91,0.05
450070,0.02,-0.01,1.91,0.05
450077,0.02,-0.01,1.91,0.05
450081,0.02,-0.01,1.91,0.05
450088,0.02,-0.01,1.91,0.05
450096,0.02,-0.01,1.91,0.05
450101,0.02,-0.01,1.91,0.05
450108,0.02,-0.01,1.91,0.05
450113,0.02,-0.01,1.91,0.05
450120,0.02,-0.01,1.91,0.05
450127,0.02,-0.00,1.90,0.05
450131,0.02,-0.00,1.90,0.05
450139,0.02,-0.00,1.90,0.05
450146,0.03,-0.00,1.90,0.05
450151,0.03,-0.00,1.90,0.05
450158,0.03,-0.01,1.90,0.05
450163,0.03,-0.01,1.90,0.05
450170,0.03,-0.01,1.90,0.05
450178,0.03,-0.01,1.91,0.05
450182,0.03,-0.01,1.91,0.05
450189,0.03,-0.01,1.91,0.05
450196,0.03,-0.01,1.91,0.05
450201,0.03,-0.01,1.91,0.05
450208,0.02,-0.01,1.91,0.05
450213,0.02,-0.01,1.91,0.05
450221,0.02,-0.01,1.91,0.05
450228,0.02,-0.01,1.91,0.05
450232,0.02,-0.01,1.91,0.05
450239,0.02,-0.00,1.91,0.05
450246,0.03,-0.00,1.91,0.05
450251,0.03,-0.00,1.91,0.05
450258,0.03,-0.00,1.91,0.05
450264,0.03,-0.00,1.91,0.05
450271,0.03,-0.01,1.90,0.05
450278,0.03,-0.01,1.90,0.05
450282,0.03,-0.01,1.90,0.05
450289,0.03,-0.01,1.90,0.05
450296,0.02,-0.01,1.90,0.05
450301,0.02,-0.01,1.90,0.08
450309,0.02,-0.01,1.90,0.05
450316,0.02,-0.01,1.90,0.05
450321,0.02,-0.01,1.90,0.05
450328,0.02,-0.01,1.90,0.05
450333,0.02,-0.01,1.90,0.05
450340,0.01,-0.01,1.90,0.05
450348,0.02,-0.01,1.91,0.05
450352,0.02,-0.01,1.91,0.05
450359,0.02,-0.01,1.91,0.05
450366,0.02,-0.01,1.91,0.05
450371,0.02,-0.01,1.91,0.05
450378,0.02,-0.00,1.91,0.05
450383,0.02,-0.00,1.91,0.05
450391,0.03,-0.00,1.91,0.05
450398,0.03,-0.00,1.91,0.05
450402,0.03,-0.00,1.91,0.05
450409,0.03,-0.00,1.91,0.05
450416,0.02,-0.00,1.91,0.05
450421,0.02,-0.00,1.91,0.05
450428,0.02,-0.01,1.91,0.05
450434,0.02,-0.01,1.91,0.05
450441,0.02,-0.01,1.91,0.05
450448,0.02,-0.01,1.91,0.05
450452,0.02,-0.01,1.91,0.05
450459,0.02,-0.01,1.91,0.05
450466,0.02,-0.01,1.91,0.05
450471,0.02,-0.01,1.91,0.05
450479,0.02,-0.01,1.91,0.05
450484,0.02,-0.01,1.91,0.05
450491,0.02,-0.01,1.91,0.05
450498,0.02,-0.01,1.91,0.05
450502,0.02,-0.01,1.91,0.08
450509,0.02,-0.01,1.91,0.05
450516,0.02,-0.01,1.90,0.05
450522,0.02,-0.01,1.90,0.05
450529,0.01,-0.01,1.90,0.05
450536,0.01,-0.01,1.90,0.05
450541,0.01,-0.01,1.90,0.05
450548,0.01,-0.01,1.90,0.05
450553,0.01,-0.01,1.90,0.05
450561,0.01,-0.01,1.90,0.05
450568,0.01,-0.01,1.91,0.05
450572,0.01,-0.01,1.91,0.05
450579,0.01,-0.01,1.91,0.05
450586,0.01,-0.01,1.91,0.05
450591,0.01,-0.01,1.91,0.05
450598,0.02,-0.01,1.91,0.05
450604,0.02,-0.01,1.91,0.05
450611,0.02,-0.01,1.91,0.05
450618,0.02,-0.01,1.91,0.05
450622,0.02,-0.01,1.91,0.05
450629,0.02,-0.01,1.91,0.05
450636,0.02,-0.01,1.91,0.05
450641,0.02,-0.01,1.91,0.05
450649,0.02,-0.01,1.91,0.05
450654,0.02,-0.01,1.91,0.05
450661,0.02,-0.01,1.91,0.05
450668,0.01,-0.01,1.91,0.05
450672,0.01,-0.01,1.91,0.05
450680,0.01,-0.01,1.91,0.05
450688,0.01,-0.01,1.91,0.05
450692,0.01,-0.01,1.91,0.05
450699,0.02,-0.01,1.91,0.05
450706,0.02,-0.01,1.91,0.05
450711,0.02,-0.01,1.91,0.05
450718,0.01,-0.02,1.91,0.05
450723,0.01,-0.02,1.91,0.05
450731,0.01,-0.02,1.91,0.05
450738,0.01,-0.02,1.91,0.05
450742,0.01,-0.02,1.91,0.05
450749,0.01,-0.01,1.91,0.05
450756,0.01,-0.01,1.91,0.05
450761,0.01,-0.01,1.91,0.05
450768,0.02,-0.01,1.91,0.05
450774,0.02,-0.01,1.91,0.05
450781,0.02,-0.01,1.91,0.05
450788,0.02,-0.00,1.91,0.05
450792,0.02,-0.00,1.91,0.05
450799,0.02,-0.00,1.91,0.05
450806,0.03,-0.00,1.91,0.05
450811,0.03,-0.00,1.91,0.05
450819,0.03,-0.01,1.91,0.05
450824,0.03,-0.01,1.91,0.05
450831,0.03,-0.01,1.91,0.05
450838,0.03,-0.01,1.91,0.05
450842,0.03,-0.01,1.91,0.05
450849,0.02,-0.01,1.91,0.05
450857,0.02,-0.01,1.91,0.05
450862,0.02,-0.01,1.91,0.05
450869,0.01,-0.01,1.91,0.05
450876,0.01,-0.01,1.91,0.05
450881,0.01,-0.01,1.91,0.05
450888,0.01,-0.01,1.91,0.05
450893,0.01,-0.01,1.91,0.05
450900,0.01,-0.01,1.91,0.05
450908,0.01,-0.01,1.91,0.05
450912,0.01,-0.01,1.91,0.05
450919,0.01,-0.01,1.91,0.05
450926,0.01,-0.01,1.91,0.05
450931,0.01,-0.01,1.91,0.05
450938,0.01,-0.01,1.91,0.05
450944,0.01,-0.01,1.91,0.05
450951,0.01,-0.01,1.91,0.05
450958,0.01,-0.01,1.91,0.05
450962,0.01,-0.01,1.91,0.05
450970,0.01,-0.01,1.91,0.05
450977,0.02,-0.01,1.91,0.05
450981,0.02,-0.01,1.91,0.05
450989,0.02,-0.01,1.91,0.05
450994,0.02,-0.01,1.91,0.05
451001,0.03,-0.01,1.92,0.05
451008,0.03,-0.01,1.92,0.05
451013,0.03,-0.01,1.92,0.05
451020,0.03,-0.01,1.92,0.05
451027,0.03,-0.01,1.92,0.05
451032,0.03,-0.01,1.92,0.05
451040,0.03,-0.01,1.91,0.08
451046,0.03,-0.01,1.91,0.05
451051,0.03,-0.01,1.91,0.05
451058,0.02,-0.01,1.91,0.05
451063,0.02,-0.01,1.91,0.05
451070,0.01,-0.01,1.91,0.05
451078,0.01,-0.01,1.90,0.05
451083,0.01,-0.01,1.90,0.05
451090,0.01,-0.02,1.90,0.05
451097,0.01,-0.02,1.90,0.05
451101,0.01,-0.02,1.90,0.05
451108,0.01,-0.02,1.90,0.05
451113,0.01,-0.02,1.90,0.05
451121,0.01,-0.01,1.90,0.05
451128,0.01,-0.01,1.90,0.05
451133,0.01,-0.01,1.90,0.05
451140,0.01,-0.01,1.91,0.05
451147,0.01,-0.01,1.91,0.05
451151,0.01,-0.01,1.91,0.05
451159,0.01,-0.00,1.91,0.05
451167,0.01,-0.00,1.92,0.05
451171,0.01,-0.00,1.92,0.05
451178,0.01,-0.00,1.93,0.05
451183,0.01,-0.00,1.93,0.05
451190,0.02,-0.00,1.93,0.05
451197,0.02,-0.01,1.94,0.05
451202,0.02,-0.01,1.94,0.05
451210,0.02,-0.01,1.94,0.05
451217,0.03,-0.01,1.94,0.05
451221,0.03,-0.01,1.94,0.05
451228,0.03,-0.01,1.93,0.05
451233,0.03,-0.01,1.93,0.05
451240,0.03,-0.01,1.92,0.05
451248,0.03,-0.01,1.91,0.05
451253,0.03,-0.01,1.91,0.05
451260,0.03,-0.01,1.91,0.05
451267,0.03,-0.01,1.90,0.05
451272,0.03,-0.01,1.90,0.05
451279,0.03,-0.01,1.90,0.05
451287,0.02,-0.01,1.89,0.05
451291,0.02,-0.01,1.89,0.05
451298,0.01,-0.01,1.89,0.05
451303,0.01,-0.01,1.89,0.05
451310,0.01,-0.01,1.89,0.05
451317,0.01,-0.01,1.89,0.05
451322,0.01,-0.01,1.89,0.05
451330,0.02,-0.00,1.90,0.05
451337,0.02,-0.00,1.90,0.08
451341,0.02,-0.00,1.90,0.05
451348,0.02,-0.00,1.91,0.05
451353,0.02,-0.00,1.91,0.05
451360,0.02,-0.00,1.92,0.05
451367,0.02,-0.01,1.93,0.05
451373,0.02,-0.01,1.93,0.05
451380,0.02,-0.01,1.94,0.05
451387,0.02,-0.01,1.94,0.05
451392,0.02,-0.01,1.94,0.05
451399,0.02,-0.01,1.94,0.05
451403,0.02,-0.01,1.94,0.05
451410,0.03,-0.01,1.94,0.08
451418,0.03,-0.01,1.94,0.05
451423,0.03,-0.01,1.94,0.05
451430,0.03,-0.01,1.93,0.05
451437,0.03,-0.01,1.92,0.05
451442,0.03,-0.01,1.92,0.05
451449,0.03,-0.01,1.91,0.05
451457,0.03,-0.01,1.91,0.05
451462,0.03,-0.01,1.91,0.05
451469,0.03,-0.01,1.90,0.05
451473,0.03,-0.01,1.90,0.05
451480,0.03,-0.01,1.89,0.05
451487,0.03,-0.00,1.89,0.05
451492,0.03,-0.00,1.89,0.05
451500,0.02,-0.00,1.89,0.05
451507,0.02,0.01,1.89,0.05
451512,0.02,0.01,1.89,0.05
451519,0.01,0.01,1.89,0.05
451523,0.01,0.01,1.89,0.05
451530,0.01,-0.00,1.90,0.05
451537,0.01,-0.00,1.91,0.05
451543,0.01,-0.00,1.91,0.05
451550,0.01,-0.01,1.92,0.05
451557,0.01,-0.01,1.93,0.05
451562,0.01,-0.01,1.93,0.05
451569,0.02,-0.01,1.94,0.05
451573,0.02,-0.01,1.94,0.05
451580,0.02,-0.01,1.94,0.05
451588,0.02,-0.01,1.94,0.05
451593,0.02,-0.01,1.94,0.05
451600,0.02,-0.00,1.94,0.05
451607,0.02,-0.00,1.94,0.05
451612,0.02,-0.00,1.94,0.05
451619,0.02,-0.00,1.93,0.05
451627,0.02,-0.00,1.92,0.05
451632,0.02,-0.00,1.92,0.05
451639,0.02,0.01,1.91,0.05
451643,0.02,0.01,1.91,0.05
451650,0.02,0.01,1.91,0.05
451657,0.02,0.01,1.90,0.05
451662,0.02,0.01,1.90,0.05
451670,0.02,0.01,1.89,0.05
451677,0.02,0.01,1.89,0.05
451682,0.02,0.01,1.89,0.05
451689,0.02,-0.00,1.89,0.05
451693,0.02,-0.00,1.89,0.05
451700,0.02,-0.00,1.90,0.05
451707,0.02,-0.00,1.91,0.05
451713,0.02,-0.00,1.91,0.05
451720,0.02,-0.00,1.91,0.05
451727,0.02,-0.00,1.92,0.05
451731,0.02,-0.00,1.92,0.05
451738,0.02,-0.00,1.93,0.05
451743,0.02,-0.00,1.93,0.05
451750,0.02,-0.00,1.93,0.05
451758,0.02,-0.00,1.94,0.05
451763,0.02,-0.00,1.94,0.05
451770,0.02,-0.00,1.94,0.05
451777,0.03,-0.00,1.94,0.05
451781,0.03,-0.00,1.94,0.05
451788,0.03,-0.00,1.93,0.05
451793,0.03,-0.00,1.93,0.05
451801,0.03,-0.00,1.93,0.05
451808,0.03,-0.00,1.92,0.05
451813,0.03,-0.00,1.92,0.05
451820,0.04,0.01,1.91,0.05
451827,0.03,0.01,1.91,0.05
451831,0.03,0.01,1.91,0.05
451838,0.03,0.01,1.90,0.05
451844,0.03,0.01,1.90,0.05
451851,0.03,0.01,1.89,0.05
451858,0.03,0.01,1.89,0.05
451863,0.03,0.01,1.89,0.05
451870,0.03,0.01,1.90,0.05
451877,0.02,0.01,1.90,0.05
451881,0.02,0.01,1.90,0.05
451889,0.02,0.01,1.91,0.05
451894,0.02,0.01,1.91,0.05
451901,0.02,0.01,1.91,0.05
451908,0.02,0.01,1.92,0.05
451913,0.02,0.01,1.92,0.05
451920,0.02,-0.00,1.93,0.05
451928,0.02,0.01,1.94,0.05
451932,0.02,0.01,1.94,0.05
451939,0.02,0.01,1.94,0.05
451946,0.03,0.01,1.94,0.05
451951,0.03,0.01,1.94,0.05
451958,0.03,0.01,1.94,0.05
451963,0.03,0.01,1.94,0.05
451971,0.03,0.01,1.94,0.05
451978,0.03,0.01,1.93,0.05
451982,0.03,0.01,1.93,0.05
451990,0.03,0.01,1.92,0.05
451997,0.03,0.01,1.91,0.05
452001,0.03,0.01,1.91,0.05
452008,0.03,0.01,1.91,0.05
452014,0.03,0.01,1.91,0.05
452021,0.04,0.01,1.90,0.05
452028,0.05,0.01,1.90,0.05
452033,0.05,0.01,1.90,0.05
452040,0.06,0.01,1.89,0.05
452047,0.05,0.01,1.90,0.05
452051,0.05,0.01,1.90,0.05
452059,0.04,0.02,1.90,0.05
452064,0.04,0.02,1.90,0.05
452071,0.04,0.02,1.91,0.05
452078,0.03,0.02,1.91,0.05
452083,0.03,0.02,1.91,0.05
452090,0.02,0.01,1.92,0.08
452098,0.02,0.01,1.93,0.05
452102,0.02,0.01,1.93,0.05
452109,0.04,0.01,1.93,0.05
452116,0.05,0.01,1.94,0.05
452121,0.05,0.01,1.94,0.05
452128,0.06,0.01,1.94,0.05
452133,0.06,0.01,1.94,0.05
452141,0.05,0.01,1.94,0.05
452148,0.05,0.01,1.94,0.05
452153,0.05,0.01,1.94,0.05
452160,0.04,0.01,1.93,0.05
452167,0.04,0.01,1.93,0.05
452171,0.04,0.01,1.93,0.05
452178,0.03,0.02,1.92,0.05
452184,0.03,0.02,1.92,0.05
452191,0.03,0.02,1.91,0.05
452198,0.03,0.02,1.91,0.05
452203,0.03,0.02,1.91,0.05
452210,0.04,0.02,1.91,0.05
452217,0.04,0.02,1.91,0.05
452221,0.04,0.02,1.91,0.05
452229,0.04,0.02,1.91,0.08
452234,0.04,0.02,1.91,0.05
452241,0.04,0.02,1.91,0.05
452248,0.04,0.01,1.91,0.05
452253,0.04,0.01,1.91,0.05
452260,0.04,0.01,1.92,0.05
452268,0.04,0.01,1.93,0.05
452272,0.04,0.01,1.93,0.05
452279,0.04,0.01,1.94,0.05
452286,0.04,0.01,1.94,0.05
452291,0.04,0.01,1.94,0.05
452298,0.04,0.01,1.94,0.05
452303,0.04,0.01,1.94,0.05
452311,0.04,0.01,1.94,0.05
452318,0.04,0.01,1.94,0.05
452322,0.04,0.01,1.94,0.05
452329,0.04,0.01,1.94,0.05
452336,0.04,0.01,1.94,0.05
452341,0.04,0.01,1.94,0.05
452348,0.04,0.02,1.93,0.05
452354,0.04,0.02,1.93,0.05
452361,0.04,0.02,1.92,0.05
452368,0.04,0.02,1.91,0.05
452373,0.04,0.02,1.91,0.05
452380,0.04,0.02,1.91,0.05
452386,0.04,0.02,1.91,0.05
452391,0.04,0.02,1.91,0.05
452399,0.04,0.02,1.91,0.05
452404,0.04,0.02,1.91,0.05
452411,0.03,0.01,1.91,0.05
452418,0.03,0.01,1.91,0.05
452422,0.03,0.01,1.91,0.05
452430,0.03,0.01,1.91,0.05
452438,0.04,0.01,1.92,0.05
452442,0.04,0.01,1.92,0.05
452449,0.04,0.01,1.93,0.05
452454,0.04,0.01,1.93,0.05
452461,0.04,0.01,1.94,0.05
452468,0.04,0.01,1.94,0.05
452473,0.04,0.01,1.94,0.05
452481,0.04,0.01,1.94,0.05
452488,0.04,0.01,1.94,0.05
452492,0.04,0.01,1.94,0.05
452499,0.04,0.01,1.94,0.05
452506,0.04,0.01,1.94,0.05
452511,0.04,0.01,1.94,0.05
452518,0.04,0.01,1.93,0.05
452524,0.04,0.01,1.93,0.05
452531,0.04,0.02,1.92,0.05
452538,0.05,0.02,1.92,0.05
452542,0.05,0.02,1.92,0.05
452550,0.04,0.01,1.91,0.05
452557,0.04,0.01,1.91,0.05
452561,0.04,0.01,1.91,0.05
452569,0.04,0.01,1.91,0.05
452574,0.04,0.01,1.91,0.05
452581,0.04,0.01,1.91,0.05
452588,0.04,0.01,1.91,0.05
452593,0.04,0.01,1.91,0.05
452600,0.04,0.01,1.91,0.05
452608,0.04,0.01,1.91,0.05
452612,0.04,0.01,1.91,0.05
452619,0.04,0.01,1.92,0.05
452624,0.04,0.01,1.92,0.05
452631,0.04,0.01,1.93,0.05
452638,0.04,0.01,1.93,0.05
452643,0.04,0.01,1.93,0.05
452651,0.04,0.01,1.94,0.05
452658,0.04,0.01,1.94,0.05
452662,0.04,0.01,1.94,0.05
452669,0.04,0.01,1.94,0.05
452676,0.04,0.02,1.94,0.05
452681,0.04,0.02,1.94,0.05
452688,0.04,0.02,1.94,0.05
452694,0.04,0.02,1.94,0.05
452701,0.04,0.02,1.93,0.05
452708,0.04,0.02,1.93,0.05
452712,0.04,0.02,1.93,0.05
452719,0.04,0.02,1.93,0.05
452726,0.04,0.02,1.93,0.05
452731,0.04,0.02,1.93,0.08
452739,0.04,0.01,1.93,0.05
452744,0.04,0.01,1.93,0.05
452751,0.04,0.01,1.93,0.05
452758,0.05,0.01,1.93,0.05
452763,0.05,0.01,1.93,0.05
452770,0.05,0.01,1.93,0.05
452777,0.06,0.01,1.93,0.05
452782,0.06,0.01,1.93,0.05
452789,0.06,-0.00,1.93,0.05
452794,0.06,-0.00,1.93,0.05
452801,0.06,-0.00,1.93,0.05
452808,0.06,-0.00,1.92,0.05
452813,0.06,-0.00,1.92,0.05
452820,0.06,0.01,1.92,0.05
452828,0.06,0.01,1.91,0.05
452832,0.06,0.01,1.91,0.05
452839,0.06,0.01,1.91,0.05
452844,0.06,0.01,1.91,0.05
452851,0.05,0.01,1.91,0.05
452858,0.04,0.01,1.90,0.05
452864,0.04,0.01,1.90,0.05
452871,0.04,0.02,1.90,0.08
452878,0.03,0.02,1.90,0.05
452882,0.03,0.02,1.90,0.05
452889,0.02,0.02,1.90,0.05
452896,0.02,0.02,1.91,0.05
452901,0.02,0.02,1.91,0.05
452909,0.02,0.02,1.91,0.05
452914,0.02,0.02,1.91,0.05
452921,0.03,0.02,1.92,0.05
452928,0.03,0.01,1.94,0.05
452933,0.03,0.01,1.94,0.05
452940,0.04,0.01,1.94,0.05
452947,0.04,0.01,1.95,0.05
452952,0.04,0.01,1.95,0.05
452959,0.04,0.01,1.95,0.05
452964,0.04,0.01,1.95,0.05
452971,0.04,0.01,1.96,0.05
452978,0.04,0.01,1.96,0.05
452983,0.04,0.01,1.96,0.05
452990,0.04,0.01,1.96,0.05
452998,0.05,0.01,1.95,0.05
453002,0.05,0.01,1.95,0.05
453009,0.05,0.01,1.94,0.05
453014,0.05,0.01,1.94,0.05
453021,0.05,0.01,1.94,0.05
453028,0.06,0.01,1.93,0.05
453033,0.06,0.01,1.93,0.05
453041,0.06,0.01,1.92,0.05
453048,0.05,0.01,1.91,0.05
453052,0.05,0.01,1.91,0.05
453059,0.05,0.01,1.91,0.05
453066,0.05,0.01,1.91,0.05
453071,0.05,0.01,1.91,0.08
453079,0.05,0.01,1.91,0.05
453084,0.05,0.01,1.91,0.05
453091,0.05,0.01,1.91,0.05
453098,0.05,0.01,1.91,0.05
453102,0.05,0.01,1.91,0.05
453109,0.05,0.01,1.91,0.05
453116,0.04,0.01,1.92,0.05
453122,0.04,0.01,1.92,0.05
453129,0.04,0.02,1.93,0.05
453134,0.04,0.02,1.93,0.05
453141,0.04,0.02,1.94,0.05
453148,0.04,0.03,1.94,0.05
453153,0.04,0.03,1.94,0.05
453160,0.03,0.03,1.94,0.05
453168,0.03,0.02,1.95,0.05
453172,0.03,0.02,1.95,0.05
453179,0.03,0.02,1.95,0.05
453184,0.03,0.02,1.95,0.05
453191,0.04,0.01,1.96,0.05
453198,0.04,0.01,1.95,0.05
453203,0.04,0.01,1.95,0.05
453211,0.05,0.01,1.95,0.05
453218,0.06,0.01,1.94,0.05
453222,0.06,0.01,1.94,0.05
453229,0.06,-0.00,1.94,0.05
453237,0.06,-0.00,1.94,0.05
453241,0.06,-0.00,1.94,0.05
453249,0.06,-0.00,1.92,0.05
453254,0.06,-0.00,1.92,0.05
453261,0.06,0.01,1.91,0.05
453268,0.06,0.01,1.91,0.05
453273,0.06,0.01,1.91,0.05
453280,0.06,0.01,1.91,0.05
453287,0.05,0.01,1.90,0.05
453292,0.05,0.01,1.90,0.05
453299,0.05,0.01,1.90,0.05
453304,0.05,0.01,1.90,0.05
453311,0.05,0.02,1.90,0.05
453318,0.04,0.02,1.91,0.05
453323,0.04,0.02,1.91,0.05
453330,0.04,0.02,1.91,0.05
453338,0.04,0.02,1.91,0.05
453342,0.04,0.02,1.91,0.05
453349,0.04,0.01,1.92,0.05
453354,0.04,0.01,1.92,0.05
453361,0.04,0.01,1.93,0.05
453368,0.04,0.01,1.94,0.05
453373,0.04,0.01,1.94,0.05
453381,0.04,0.01,1.94,0.05
453388,0.04,0.01,1.94,0.05
453392,0.04,0.01,1.94,0.05
453399,0.04,0.01,1.94,0.05
453407,0.04,0.01,1.94,0.05
453411,0.04,0.01,1.94,0.05
453419,0.04,0.01,1.94,0.05
453424,0.04,0.01,1.94,0.05
453431,0.04,0.01,1.94,0.05
453438,0.05,0.01,1.94,0.05
453443,0.05,0.01,1.94,0.05
453450,0.05,0.01,1.93,0.05
453457,0.05,0.02,1.92,0.05
453462,0.05,0.02,1.92,0.05
453469,0.05,0.02,1.92,0.05
453474,0.05,0.02,1.92,0.05
453481,0.05,0.04,1.91,0.05
453488,0.04,0.06,1.91,0.05
453493,0.04,0.06,1.91,0.05
453500,0.05,0.06,1.91,0.05
453508,0.05,0.05,1.91,0.05
453513,0.05,0.05,1.91,0.05
453520,0.05,0.03,1.91,0.05
453524,0.05,0.03,1.91,0.05
453531,0.05,0.01,1.91,0.05
453538,0.06,0.01,1.91,0.05
453543,0.06,0.01,1.91,0.05
453551,0.06,0.01,1.92,0.05
453558,0.06,0.03,1.93,0.05
453563,0.06,0.03,1.93,0.05
453570,0.06,0.03,1.94,0.05
453577,0.06,0.03,1.96,0.05
453581,0.06,0.03,1.96,0.05
453588,0.05,0.03,1.98,0.05
453594,0.05,0.03,1.98,0.05
453601,0.05,0.01,2.00,0.05
453608,0.06,-0.00,2.03,0.05
453613,0.06,-0.00,2.03,0.05
453620,0.06,-0.01,2.05,0.05
453627,0.05,-0.01,2.06,0.05
453632,0.05,-0.01,2.06,0.05
453639,0.04,0.01,2.06,0.05
453644,0.04,0.01,2.06,0.05
453651,0.02,0.03,2.05,0.05
453658,0.00,0.06,2.01,0.05
453663,0.00,0.06,2.01,0.05
453670,-0.03,0.06,1.95,0.05
453678,-0.05,0.04,1.85,0.05
453682,-0.05,0.04,1.85,0.05
453689,-0.06,0.00,1.74,0.05
453694,-0.06,0.00,1.74,0.05
453701,-0.03,-0.10,1.63,0.05
453708,0.00,-0.22,1.52,0.05
453713,0.00,-0.22,1.52,0.05
453721,0.04,-0.38,1.43,0.05
453728,0.08,-0.54,1.34,0.05
453733,0.08,-0.54,1.34,0.05
453740,0.13,-0.67,1.26,0.05
453747,0.19,-0.79,1.18,0.05
453751,0.19,-0.79,1.18,0.05
453758,0.28,-0.90,1.10,0.05
453764,0.28,-0.90,1.10,0.05
453771,0.38,-1.02,1.02,0.05
453778,0.50,-1.12,0.95,0.05
453783,0.50,-1.12,0.95,0.05
453790,0.63,-1.21,0.88,0.05
453797,0.76,-1.30,0.82,0.05
453801,0.76,-1.30,0.82,0.05
453810,0.89,-1.38,0.79,0.05
453814,0.89,-1.38,0.79,0.05
453821,1.00,-1.47,0.76,0.05
453828,1.12,-1.57,0.75,0.05
453833,1.12,-1.57,0.75,0.05
453840,1.24,-1.70,0.76,0.05
453848,1.36,-1.87,0.79,0.05
453853,1.36,-1.87,0.79,0.05
453860,1.49,-2.07,0.85,0.05
453867,1.61,-2.31,0.91,0.05
453872,1.61,-2.31,0.91,0.05
453879,1.72,-2.55,0.99,0.05
453883,1.72,-2.55,0.99,0.05
453891,1.84,-2.77,1.07,0.05
453898,1.96,-2.99,1.16,0.05
453903,1.96,-2.99,1.16,0.05
453910,2.07,-3.19,1.24,0.05
453917,2.15,-3.41,1.33,0.05
453922,2.15,-3.41,1.33,0.05
453929,2.23,-3.64,1.40,0.05
453934,2.23,-3.64,1.40,0.05
453942,2.31,-3.88,1.46,0.05
453948,2.39,-4.13,1.51,0.05
453953,2.39,-4.13,1.51,0.05
453960,2.46,-4.39,1.55,0.05
453967,2.53,-4.65,1.58,0.05
453972,2.53,-4.65,1.58,0.05
453980,2.58,-4.88,1.59,0.05
453987,2.63,-5.10,1.59,0.05
453992,2.63,-5.10,1.59,0.05
453999,2.66,-5.30,1.58,0.08
454004,2.66,-5.30,1.58,0.05
454011,2.67,-5.48,1.57,0.05
454019,2.66,-5.66,1.56,0.05
454023,2.66,-5.66,1.56,0.05
454030,2.65,-5.85,1.54,0.05
454037,2.62,-6.03,1.51,0.05
454042,2.62,-6.03,1.51,0.05
454049,2.58,-6.21,1.48,0.05
454054,2.58,-6.21,1.48,0.05
454062,2.53,-6.38,1.45,0.05
454069,2.47,-6.55,1.42,0.05
454074,2.47,-6.55,1.42,0.05
454081,2.39,-6.70,1.38,0.05
454088,2.29,-6.85,1.34,0.05
454092,2.29,-6.85,1.34,0.05
454099,2.18,-6.98,1.29,0.05
454107,2.08,-7.10,1.23,0.05
454112,2.08,-7.10,1.23,0.05
454119,1.98,-7.22,1.17,0.05
454124,1.98,-7.22,1.17,0.05
454131,1.89,-7.33,1.12,0.05
454138,1.81,-7.45,1.06,0.05
454144,1.81,-7.45,1.06,0.05
454151,1.73,-7.58,1.01,0.05
454158,1.64,-7.70,0.97,0.05
454162,1.64,-7.70,0.97,0.05
454170,1.56,-7.83,0.93,0.05
454177,1.49,-7.94,0.89,0.05
454181,1.49,-7.94,0.89,0.05
454189,1.43,-8.05,0.86,0.05
454194,1.43,-8.05,0.86,0.05
454201,1.38,-8.15,0.84,0.05
454208,1.34,-8.26,0.83,0.05
454213,1.34,-8.26,0.83,0.05
454220,1.31,-8.38,0.82,0.05
454227,1.29,-8.50,0.82,0.05
454233,1.29,-8.50,0.82,0.05
454240,1.27,-8.63,0.83,0.05
454244,1.27,-8.63,0.83,0.05
454251,1.25,-8.76,0.85,0.05
454258,1.26,-8.90,0.87,0.05
454263,1.26,-8.90,0.87,0.05
454270,1.25,-9.04,0.91,0.05
454278,1.26,-9.20,0.95,0.05
454283,1.26,-9.20,0.95,0.05
454290,1.27,-9.37,0.99,0.05
454297,1.28,-9.54,1.04,0.05
454302,1.28,-9.54,1.04,0.05
454309,1.29,-9.71,1.09,0.05
454313,1.29,-9.71,1.09,0.05
454321,1.30,-9.89,1.13,0.05
454328,1.32,-10.05,1.18,0.05
454333,1.32,-10.05,1.18,0.05
454340,1.32,-10.21,1.22,0.10
454347,1.32,-10.37,1.25,0.05
454352,1.32,-10.37,1.25,0.05
454360,1.33,-10.52,1.28,0.05
454367,1.33,-10.69,1.31,0.05
454372,1.33,-10.69,1.31,0.05
454379,1.33,-10.86,1.34,0.05
454384,1.33,-10.86,1.34,0.05
454391,1.33,-11.04,1.36,0.05
454398,1.31,-11.22,1.37,0.05
454404,1.31,-11.22,1.37,0.05
454411,1.29,-11.39,1.37,0.05
454418,1.26,-11.56,1.37,0.05
454423,1.26,-11.56,1.37,0.05
454430,1.24,-11.73,1.36,0.05
454437,1.22,-11.90,1.34,0.05
454443,1.22,-11.90,1.34,0.05
454450,1.20,-12.07,1.32,0.05
454454,1.20,-12.07,1.32,0.05
454462,1.16,-12.26,1.30,0.05
454469,1.12,-12.45,1.27,0.05
454473,1.12,-12.45,1.27,0.05
454480,1.08,-12.63,1.23,0.05
454489,1.03,-12.79,1.19,0.05
454493,1.03,-12.79,1.19,0.05
454500,0.97,-12.94,1.14,0.05
454507,0.92,-13.08,1.09,0.05
454512,0.92,-13.08,1.09,0.05
454519,0.87,-13.22,1.03,0.05
454524,0.87,-13.22,1.03,0.08
454532,0.83,-13.35,0.97,0.05
454539,0.80,-13.50,0.92,0.05
454544,0.80,-13.50,0.92,0.05
454551,0.77,-13.64,0.87,0.05
454558,0.73,-13.75,0.82,0.05
454563,0.73,-13.75,0.82,0.05
454571,0.70,-13.88,0.76,0.05
454578,0.69,-14.00,0.71,0.05
454583,0.69,-14.00,0.71,0.05
454590,0.69,-14.13,0.66,0.05
454597,0.69,-14.26,0.63,0.05
454602,0.69,-14.26,0.63,0.05
454609,0.69,-14.39,0.60,0.05
454615,0.69,-14.39,0.60,0.05
454622,0.70,-14.52,0.57,0.05
454629,0.70,-14.65,0.57,0.05
454634,0.70,-14.65,0.57,0.05
454641,0.71,-14.77,0.56,0.05
454648,0.73,-14.88,0.58,0.05
454653,0.73,-14.88,0.58,0.05
454661,0.75,-15.00,0.60,0.05
454668,0.76,-15.11,0.64,0.05
454673,0.76,-15.11,0.64,0.05
454680,0.79,-15.21,0.68,0.05
454687,0.81,-15.31,0.73,0.05
454692,0.81,-15.31,0.73,0.05
454700,0.83,-15.40,0.79,0.05
454707,0.85,-15.50,0.84,0.05
454712,0.85,-15.50,0.84,0.05
454719,0.88,-15.62,0.89,0.05
454724,0.88,-15.62,0.89,0.05
454731,0.92,-15.74,0.94,0.05
454738,0.97,-15.85,0.98,0.05
454744,0.97,-15.85,0.98,0.05
454751,1.03,-15.96,1.01,0.05
454758,1.09,-16.05,1.04,0.05
454763,1.09,-16.05,1.04,0.05
454770,1.16,-16.15,1.06,0.05
454778,1.23,-16.24,1.07,0.05
454782,1.23,-16.24,1.07,0.05
454790,1.30,-16.34,1.08,0.05
454798,1.37,-16.44,1.09,0.05
454802,1.37,-16.44,1.09,0.05
454810,1.43,-16.54,1.10,0.05
454817,1.48,-16.65,1.09,0.05
454821,1.48,-16.65,1.09,0.05
454830,1.52,-16.76,1.09,0.05
454834,1.52,-16.76,1.09,0.05
454842,1.56,-16.86,1.09,0.05
454849,1.59,-16.96,1.08,0.05
454854,1.59,-16.96,1.08,0.05
454861,1.62,-17.05,1.08,0.05
454868,1.64,-17.14,1.07,0.05
454874,1.64,-17.14,1.07,0.05
454881,1.66,-17.24,1.06,0.05
454888,1.68,-17.33,1.05,0.05
454893,1.68,-17.33,1.05,0.05
454900,1.67,-17.43,1.04,0.05
454907,1.66,-17.52,1.03,0.05
454913,1.66,-17.52,1.03,0.05
454920,1.66,-17.61,1.01,0.05
454925,1.66,-17.61,1.01,0.05
454932,1.65,-17.70,1.00,0.05
454939,1.65,-17.78,1.00,0.05
454944,1.65,-17.78,1.00,0.05
454951,1.64,-17.88,1.00,0.05
454959,1.64,-17.96,0.99,0.05
454964,1.64,-17.96,0.99,0.05
454971,1.65,-18.05,0.98,0.05
454978,1.66,-18.13,0.97,0.05
454983,1.66,-18.13,0.97,0.05
454990,1.68,-18.21,0.96,0.05
454999,1.70,-18.29,0.94,0.05
455003,1.70,-18.29,0.94,0.05
455010,1.73,-18.37,0.92,0.05
455018,1.75,-18.45,0.91,0.05
455022,1.75,-18.45,0.91,0.05
455030,1.78,-18.52,0.90,0.05
455037,1.80,-18.60,0.90,0.05
455042,1.80,-18.60,0.90,0.05
455050,1.81,-18.67,0.90,0.05
455054,1.81,-18.67,0.90,0.05
455062,1.81,-18.73,0.89,0.05
455069,1.82,-18.81,0.89,0.05
455073,1.82,-18.81,0.89,0.05
455081,1.81,-18.88,0.90,0.05
455089,1.81,-18.95,0.90,0.05
455094,1.81,-18.95,0.90,0.05
455101,1.79,-19.02,0.91,0.05
455108,1.78,-19.07,0.92,0.05
455113,1.78,-19.07,0.92,0.05
455120,1.78,-19.12,0.93,0.05
455128,1.77,-19.15,0.94,0.05
455133,1.77,-19.15,0.94,0.05
455140,1.76,-19.18,0.96,0.05
455147,1.76,-19.22,0.97,0.05
455152,1.76,-19.22,0.97,0.05
455159,1.76,-19.25,0.98,0.05
455164,1.76,-19.25,0.98,0.05
455172,1.77,-19.29,0.99,0.05
455179,1.79,-19.33,1.01,0.05
455184,1.79,-19.33,1.01,0.05
455191,1.82,-19.38,1.01,0.05
455199,1.84,-19.43,1.03,0.05
455203,1.84,-19.43,1.03,0.05
455212,1.87,-19.48,1.05,0.05
455219,1.91,-19.53,1.07,0.05
455223,1.91,-19.53,1.07,0.05
455231,1.93,-19.56,1.09,0.05
455238,1.95,-19.60,1.11,0.05
455242,1.95,-19.60,1.11,0.05
455250,1.97,-19.63,1.13,0.05
455258,1.98,-19.66,1.14,0.05
455263,1.98,-19.66,1.14,0.05
455270,1.99,-19.69,1.16,0.05
455275,1.99,-19.69,1.16,0.05
455282,2.00,-19.72,1.18,0.05
455289,2.02,-19.75,1.20,0.05
455294,2.02,-19.75,1.20,0.05
455302,2.02,-19.79,1.23,0.05
455309,2.03,-19.84,1.25,0.05
455314,2.03,-19.84,1.25,0.05
455321,2.03,-19.89,1.28,0.05
455328,2.03,-19.95,1.31,0.05
455333,2.03,-19.95,1.31,0.05
455341,2.03,-20.01,1.33,0.05
455348,2.03,-20.05,1.35,0.05
455353,2.03,-20.05,1.35,0.05
455360,2.03,-20.09,1.35,0.05
455367,2.04,-20.12,1.37,0.05
455372,2.04,-20.12,1.37,0.05
455379,2.06,-20.15,1.37,0.05
455385,2.06,-20.15,1.37,0.05
455392,2.09,-20.17,1.37,0.08
455399,2.11,-20.20,1.38,0.05
455404,2.11,-20.20,1.38,0.05
455411,2.14,-20.23,1.39,0.05
455418,2.15,-20.26,1.40,0.05
455424,2.15,-20.26,1.40,0.05
455431,2.16,-20.29,1.41,0.05
455439,2.17,-20.31,1.42,0.05
455443,2.17,-20.31,1.42,0.05
455451,2.18,-20.31,1.43,0.05
455458,2.19,-20.31,1.45,0.05
455462,2.19,-20.31,1.45,0.05
455471,2.22,-20.31,1.47,0.05
455478,2.24,-20.31,1.50,0.05
455483,2.24,-20.31,1.50,0.05
455490,2.26,-20.33,1.53,0.05
455497,2.28,-20.35,1.57,0.05
455502,2.28,-20.35,1.57,0.05
455510,2.30,-20.38,1.61,0.05
455515,2.30,-20.38,1.61,0.05
455522,2.31,-20.41,1.66,0.05
455529,2.32,-20.43,1.70,0.05
455534,2.32,-20.43,1.70,0.05
455541,2.33,-20.44,1.73,0.05
455548,2.32,-20.43,1.77,0.05
455554,2.32,-20.43,1.77,0.05
455561,2.31,-20.42,1.81,0.05
455568,2.29,-20.41,1.83,0.05
455573,2.29,-20.41,1.83,0.05
455580,2.27,-20.40,1.86,0.05
455587,2.25,-20.39,1.88,0.05
455592,2.25,-20.39,1.88,0.05
455600,2.23,-20.39,1.88,0.05
455607,2.21,-20.39,1.88,0.05
455612,2.21,-20.39,1.88,0.05
455619,2.21,-20.39,1.86,0.05
455624,2.21,-20.39,1.86,0.05
455631,2.20,-20.39,1.85,0.05
455640,2.21,-20.39,1.83,0.05
455644,2.21,-20.39,1.83,0.05
455652,2.22,-20.39,1.80,0.05
455659,2.23,-20.39,1.78,0.05
455663,2.23,-20.39,1.78,0.05
455671,2.23,-20.39,1.75,0.05
455678,2.24,-20.38,1.71,0.05
455683,2.24,-20.38,1.71,0.05
455691,2.24,-20.36,1.68,0.05
455698,2.25,-20.34,1.65,0.05
455703,2.25,-20.34,1.65,0.05
455710,2.25,-20.32,1.63,0.05
455717,2.24,-20.30,1.62,0.05
455723,2.24,-20.30,1.62,0.05
455730,2.22,-20.28,1.61,0.05
455735,2.22,-20.28,1.61,0.05
455742,2.20,-20.27,1.61,0.05
455749,2.18,-20.26,1.63,0.05
455754,2.18,-20.26,1.63,0.05
455761,2.15,-20.26,1.64,0.05
455769,2.14,-20.26,1.65,0.05
455774,2.14,-20.26,1.65,0.05
455781,2.14,-20.26,1.67,0.05
455788,2.13,-20.27,1.69,0.05
455793,2.13,-20.27,1.69,0.05
455800,2.14,-20.26,1.70,0.05
455808,2.15,-20.24,1.72,0.05
455813,2.15,-20.24,1.72,0.05
455820,2.16,-20.22,1.74,0.05
455827,2.19,-20.19,1.75,0.05
455832,2.19,-20.19,1.75,0.05
455839,2.22,-20.17,1.75,0.05
455844,2.22,-20.17,1.75,0.05
455852,2.24,-20.14,1.76,0.05
455860,2.27,-20.13,1.77,0.05
455864,2.27,-20.13,1.77,0.05
455871,2.30,-20.13,1.78,0.05
455879,2.32,-20.14,1.78,0.05
455883,2.32,-20.14,1.78,0.05
455891,2.35,-20.15,1.79,0.05
455899,2.36,-20.16,1.80,0.05
455903,2.36,-20.16,1.80,0.05
455911,2.38,-20.16,1.81,0.05
455918,2.40,-20.16,1.81,0.05
455922,2.40,-20.16,1.81,0.05
455930,2.43,-20.15,1.81,0.05
455938,2.44,-20.12,1.82,0.05
455943,2.44,-20.12,1.82,0.05
455950,2.47,-20.08,1.82,0.05
455955,2.47,-20.08,1.82,0.05
455962,2.50,-20.04,1.81,0.05
455969,2.53,-20.00,1.82,0.05
455974,2.53,-20.00,1.82,0.05
455982,2.56,-19.98,1.82,0.05
455989,2.61,-19.95,1.82,0.05
455994,2.61,-19.95,1.82,0.05
456001,2.67,-19.92,1.81,0.05
456008,2.73,-19.90,1.82,0.05
456013,2.73,-19.90,1.82,0.05
456020,2.80,-19.87,1.82,0.05
456028,2.88,-19.84,1.83,0.05
456033,2.88,-19.84,1.83,0.05
456040,2.96,-19.80,1.84,0.05
456047,3.04,-19.76,1.86,0.05
456052,3.04,-19.76,1.86,0.05
456059,3.13,-19.72,1.88,0.05
456065,3.13,-19.72,1.88,0.05
456072,3.22,-19.68,1.90,0.05
456079,3.31,-19.64,1.92,0.05
456084,3.31,-19.64,1.92,0.05
456091,3.41,-19.61,1.96,0.05
456099,3.50,-19.57,1.99,0.05
456103,3.50,-19.57,1.99,0.05
456111,3.60,-19.54,2.03,0.05
456119,3.70,-19.51,2.09,0.05
456123,3.70,-19.51,2.09,0.05
456130,3.79,-19.48,2.14,0.05
456138,3.88,-19.46,2.20,0.05
456142,3.88,-19.46,2.20,0.05
456150,3.97,-19.44,2.26,0.05
456158,4.05,-19.42,2.32,0.05
456162,4.05,-19.42,2.32,0.05
456170,4.12,-19.40,2.38,0.05
456174,4.12,-19.40,2.38,0.05
456182,4.20,-19.38,2.44,0.05
456189,4.26,-19.36,2.50,0.05
456194,4.26,-19.36,2.50,0.05
456202,4.33,-19.33,2.56,0.05
456209,4.39,-19.29,2.61,0.05
456214,4.39,-19.29,2.61,0.05
456221,4.46,-19.24,2.65,0.05
456228,4.53,-19.20,2.68,0.05
456233,4.53,-19.20,2.68,0.05
456241,4.62,-19.15,2.71,0.05
456248,4.71,-19.10,2.74,0.05
456253,4.71,-19.10,2.74,0.05
456260,4.81,-19.07,2.76,0.05
456265,4.81,-19.07,2.76,0.05
456272,4.89,-19.04,2.78,0.05
456280,4.98,-19.02,2.80,0.05
456285,4.98,-19.02,2.80,0.05
456292,5.06,-19.00,2.82,0.05
456299,5.13,-18.96,2.83,0.05
456304,5.13,-18.96,2.83,0.05
456311,5.20,-18.91,2.83,0.05
456318,5.26,-18.86,2.83,0.05
456324,5.26,-18.86,2.83,0.05
456331,5.32,-18.79,2.84,0.05
456338,5.37,-18.72,2.85,0.05
456343,5.37,-18.72,2.85,0.05
456350,5.42,-18.65,2.86,0.05
456357,5.45,-18.58,2.87,0.05
456363,5.45,-18.58,2.87,0.05
456370,5.49,-18.51,2.89,0.05
456375,5.49,-18.51,2.89,0.05
456382,5.52,-18.44,2.89,0.05
456389,5.54,-18.37,2.91,0.05
456394,5.54,-18.37,2.91,0.05
456401,5.57,-18.28,2.91,0.05
456409,5.58,-18.19,2.92,0.05
456414,5.58,-18.19,2.92,0.05
456421,5.60,-18.08,2.93,0.08
456428,5.63,-17.96,2.92,0.05
456433,5.63,-17.96,2.92,0.05
456440,5.66,-17.84,2.92,0.05
456448,5.70,-17.70,2.93,0.05
456453,5.70,-17.70,2.93,0.05
456460,5.75,-17.56,2.92,0.05
456468,5.81,-17.42,2.92,0.05
456472,5.81,-17.42,2.92,0.05
456480,5.87,-17.28,2.93,0.05
456484,5.87,-17.28,2.93,0.05
456493,5.93,-17.14,2.93,0.05
456500,5.98,-17.00,2.94,0.05
456504,5.98,-17.00,2.94,0.05
456512,6.03,-16.85,2.95,0.10
456519,6.06,-16.68,2.96,0.05
456523,6.06,-16.68,2.96,0.05
456531,6.09,-16.49,2.96,0.05
456539,6.11,-16.29,2.97,0.05
456543,6.11,-16.29,2.97,0.05
456551,6.13,-16.08,2.96,0.05
456558,6.15,-15.86,2.95,0.05
456563,6.15,-15.86,2.95,0.05
456570,6.18,-15.62,2.94,0.08
456578,6.22,-15.38,2.94,0.05
456583,6.22,-15.38,2.94,0.05
456590,6.27,-15.13,2.93,0.05
456595,6.27,-15.13,2.93,0.05
456602,6.31,-14.88,2.92,0.05
456609,6.36,-14.63,2.91,0.05
456614,6.36,-14.63,2.91,0.05
456622,6.40,-14.39,2.88,0.05
456629,6.42,-14.13,2.84,0.05
456634,6.42,-14.13,2.84,0.05
456641,6.46,-13.86,2.78,0.05
456648,6.50,-13.57,2.72,0.05
456653,6.50,-13.57,2.72,0.05
456660,6.54,-13.27,2.65,0.05
456668,6.58,-12.98,2.57,0.05
456673,6.58,-12.98,2.57,0.05
456680,6.63,-12.68,2.50,0.05
456684,6.63,-12.68,2.50,0.05
456692,6.68,-12.38,2.43,0.05
456699,6.73,-12.07,2.36,0.05
456704,6.73,-12.07,2.36,0.05
456711,6.80,-11.76,2.30,0.05
456718,6.85,-11.45,2.25,0.05
456723,6.85,-11.45,2.25,0.05
456730,6.89,-11.14,2.20,0.05
456737,6.93,-10.83,2.15,0.05
456742,6.93,-10.83,2.15,0.05
456750,6.98,-10.54,2.10,0.05
456755,6.98,-10.54,2.10,0.05
456762,7.02,-10.25,2.05,0.05
456769,7.08,-9.96,2.00,0.10
456774,7.08,-9.96,2.00,0.05
456781,7.16,-9.68,1.96,0.05
456788,7.24,-9.40,1.94,0.05
456793,7.24,-9.40,1.94,0.05
456801,7.34,-9.12,1.93,0.05
456808,7.44,-8.85,1.93,0.05
456812,7.44,-8.85,1.93,0.05
456820,7.55,-8.59,1.95,0.05
456824,7.55,-8.59,1.95,0.05
456832,7.67,-8.34,1.96,0.05
456839,7.80,-8.10,1.99,0.05
456844,7.80,-8.10,1.99,0.05
456851,7.95,-7.88,2.02,0.05
456858,8.11,-7.65,2.05,0.05
456863,8.11,-7.65,2.05,0.05
456870,8.26,-7.45,2.09,0.05
456878,8.32,-7.28,2.15,0.05
456883,8.32,-7.28,2.15,0.05
456890,8.25,-7.16,2.21,0.05
456895,8.25,-7.16,2.21,0.05
456902,8.05,-7.08,2.28,0.05
456909,7.81,-7.06,2.34,0.05
456913,7.81,-7.06,2.34,0.08
456921,7.60,-7.02,2.37,0.05
456928,7.43,-6.97,2.37,0.05
456933,7.43,-6.97,2.37,0.05
456940,7.31,-6.91,2.33,0.05
456945,7.31,-6.91,2.33,0.08
456952,7.23,-6.83,2.26,0.05
456960,7.22,-6.74,2.16,0.05
456964,7.22,-6.74,2.16,0.05
456972,7.24,-6.66,2.02,0.05
456979,7.30,-6.57,1.87,0.05
456983,7.30,-6.57,1.87,0.05
456990,7.35,-6.47,1.70,0.05
456997,7.38,-6.37,1.53,0.05
457003,7.38,-6.37,1.53,0.05
457010,7.35,-6.27,1.37,0.05
457015,7.35,-6.27,1.37,0.05
457022,7.23,-6.19,1.23,0.05
457029,7.05,-6.13,1.11,0.05
457034,7.05,-6.13,1.11,0.05
457041,6.83,-6.05,1.02,0.05
457049,6.63,-5.96,0.95,0.05
457053,6.63,-5.96,0.95,0.05
457060,6.46,-5.85,0.89,0.10
457065,6.46,-5.85,0.89,0.05
457072,6.32,-5.73,0.84,0.05
457079,6.22,-5.59,0.80,0.05
457084,6.22,-5.59,0.80,0.05
457092,6.12,-5.46,0.77,0.05
457099,6.00,-5.32,0.74,0.05
457104,6.00,-5.32,0.74,0.05
457111,5.86,-5.19,0.73,0.05
457118,5.68,-5.07,0.71,0.05
457122,5.68,-5.07,0.71,0.05
457129,5.50,-4.94,0.72,0.05
457135,5.50,-4.94,0.72,0.05
457142,5.33,-4.81,0.73,0.05
457149,5.18,-4.68,0.74,0.05
457154,5.18,-4.68,0.74,0.08
457161,5.05,-4.53,0.75,0.05
457168,4.94,-4.37,0.76,0.05
457172,4.94,-4.37,0.76,0.05
457181,4.83,-4.21,0.77,0.05
457185,4.83,-4.21,0.77,0.05
457192,4.70,-4.07,0.78,0.05
457199,4.54,-3.92,0.80,0.05
457204,4.54,-3.92,0.80,0.05
457211,4.38,-3.80,0.80,0.05
457219,4.22,-3.68,0.80,0.05
457224,4.22,-3.68,0.80,0.05
457231,4.07,-3.56,0.78,0.05
457238,3.95,-3.44,0.76,0.05
457242,3.95,-3.44,0.76,0.05
457249,3.83,-3.31,0.74,0.05
457254,3.83,-3.31,0.74,0.05
457262,3.71,-3.17,0.72,0.05
457269,3.59,-3.04,0.70,0.05
457274,3.59,-3.04,0.70,0.05
457281,3.44,-2.91,0.69,0.05
457288,3.29,-2.79,0.68,0.05
457293,3.29,-2.79,0.68,0.05
457300,3.13,-2.67,0.66,0.05
457305,3.13,-2.67,0.66,0.05
457312,2.97,-2.56,0.65,0.05
457319,2.81,-2.44,0.65,0.05
457324,2.81,-2.44,0.65,0.05
457331,2.67,-2.32,0.64,0.05
457338,2.53,-2.20,0.64,0.05
457344,2.53,-2.20,0.64,0.05
457351,2.39,-2.08,0.64,0.05
457358,2.26,-1.95,0.63,0.05
457363,2.26,-1.95,0.63,0.05
457370,2.12,-1.82,0.62,0.05
457374,2.12,-1.82,0.62,0.05
457381,1.98,-1.70,0.61,0.05
457389,1.84,-1.57,0.60,0.05
457394,1.84,-1.57,0.60,0.05
457401,1.71,-1.44,0.59,0.05
457408,1.60,-1.32,0.58,0.05
457413,1.60,-1.32,0.58,0.05
457420,1.50,-1.20,0.56,0.05
457424,1.50,-1.20,0.56,0.05
457433,1.39,-1.08,0.56,0.05
457440,1.28,-0.99,0.56,0.05
457444,1.28,-0.99,0.56,0.05
457451,1.17,-0.89,0.56,0.05
457458,1.05,-0.80,0.55,0.05
457463,1.05,-0.80,0.55,0.05
457470,0.93,-0.70,0.55,0.05
457478,0.80,-0.61,0.55,0.05
457483,0.80,-0.61,0.55,0.05
457490,0.68,-0.51,0.54,0.05
457495,0.68,-0.51,0.54,0.05
457502,0.56,-0.42,0.54,0.05
457509,0.47,-0.34,0.52,0.05
457513,0.47,-0.34,0.52,0.05
457521,0.37,-0.26,0.51,0.05
457528,0.28,-0.18,0.49,0.05
457533,0.28,-0.18,0.49,0.05
457540,0.21,-0.09,0.47,0.05
457545,0.21,-0.09,0.47,0.05
457552,0.18,-0.01,0.44,0.05
457560,0.22,0.03,0.41,0.05
457565,0.22,0.03,0.41,0.05
457572,0.24,0.03,0.40,0.05
457579,0.24,0.01,0.40,0.05
457583,0.24,0.01,0.40,0.05
457590,0.19,0.01,0.41,0.05
457597,0.13,0.04,0.43,0.05
457603,0.13,0.04,0.43,0.05
457610,0.11,0.10,0.48,0.05
457615,0.11,0.10,0.48,0.05
457622,0.10,0.13,0.52,0.05
457629,0.11,0.13,0.57,0.05
457633,0.11,0.13,0.57,0.05
457640,0.11,0.10,0.61,0.05
457648,0.12,0.10,0.64,0.05
457653,0.12,0.10,0.64,0.05
457660,0.13,0.10,0.67,0.05
457665,0.13,0.10,0.67,0.10
457672,0.14,0.12,0.69,0.05
457679,0.15,0.13,0.70,0.05
457683,0.15,0.13,0.70,0.05
457691,0.15,0.13,0.71,0.05
457699,0.16,0.14,0.71,0.05
457703,0.16,0.14,0.71,0.05
457710,0.15,0.15,0.70,0.05
457715,0.15,0.15,0.70,0.05
457722,0.15,0.16,0.69,0.05
457730,0.14,0.15,0.68,0.05
457735,0.14,0.15,0.68,0.05
457742,0.13,0.15,0.66,0.05
457749,0.11,0.15,0.66,0.05
457753,0.11,0.15,0.66,0.05
457760,0.10,0.15,0.64,0.05
457767,0.10,0.17,0.63,0.05
457773,0.10,0.17,0.63,0.05
457780,0.10,0.19,0.62,0.05
457785,0.10,0.19,0.62,0.05
457792,0.10,0.20,0.60,0.05
457799,0.11,0.22,0.59,0.05
457803,0.11,0.22,0.59,0.05
457811,0.11,0.22,0.58,0.05
457819,0.12,0.23,0.57,0.05
457823,0.12,0.23,0.57,0.05
457830,0.12,0.24,0.57,0.05
457835,0.12,0.24,0.57,0.05
457842,0.11,0.24,0.58,0.05
457849,0.11,0.24,0.59,0.05
457854,0.11,0.24,0.59,0.05
457862,0.11,0.24,0.62,0.05
457869,0.11,0.24,0.65,0.05
457873,0.11,0.24,0.65,0.05
457880,0.11,0.24,0.69,0.05
457888,0.10,0.23,0.73,0.05
457892,0.10,0.23,0.73,0.05
457900,0.09,0.22,0.77,0.05
457905,0.09,0.22,0.77,0.05
457912,0.09,0.20,0.80,0.05
457919,0.09,0.20,0.83,0.05
457924,0.09,0.20,0.83,0.05
457931,0.09,0.20,0.85,0.05
457938,0.10,0.21,0.86,0.08
457943,0.10,0.21,0.86,0.05
457950,0.11,0.22,0.85,0.05
457955,0.11,0.22,0.85,0.05
457962,0.11,0.22,0.84,0.05
457969,0.11,0.22,0.81,0.05
457974,0.11,0.22,0.81,0.05
457981,0.11,0.21,0.78,0.05
457989,0.11,0.21,0.75,0.05
457994,0.11,0.21,0.75,0.05
458001,0.11,0.21,0.71,0.05
458005,0.11,0.21,0.71,0.05
458012,0.11,0.22,0.68,0.05
458019,0.11,0.24,0.65,0.05
458024,0.11,0.24,0.65,0.05
458032,0.11,0.27,0.63,0.05
458039,0.10,0.28,0.62,0.05
458043,0.10,0.28,0.62,0.05
458051,0.09,0.27,0.62,0.05
458058,0.07,0.25,0.62,0.05
458062,0.07,0.25,0.62,0.05
458070,0.07,0.22,0.64,0.05
458075,0.07,0.22,0.64,0.05
458082,0.07,0.20,0.66,0.05
458089,0.08,0.19,0.68,0.05
458094,0.08,0.19,0.68,0.05
458101,0.09,0.20,0.70,0.05
458108,0.10,0.22,0.72,0.05
458113,0.10,0.22,0.72,0.05
458120,0.11,0.22,0.74,0.05
458125,0.11,0.22,0.74,0.05
458132,0.12,0.20,0.76,0.05
458139,0.13,0.17,0.79,0.05
458144,0.13,0.17,0.79,0.05
458151,0.15,0.14,0.83,0.05
458159,0.17,0.12,0.87,0.05
458163,0.17,0.12,0.87,0.05
458170,0.18,0.13,0.93,0.05
458175,0.18,0.13,0.93,0.05
458182,0.18,0.15,0.99,0.05
458189,0.17,0.17,1.06,0.05
458194,0.17,0.17,1.06,0.05
458202,0.15,0.17,1.13,0.05
458209,0.14,0.17,1.18,0.05
458213,0.14,0.17,1.18,0.05
458221,0.15,0.16,1.24,0.05
458225,0.15,0.16,1.24,0.05
458232,0.16,0.15,1.29,0.05
458240,0.16,0.13,1.33,0.05
458245,0.16,0.13,1.33,0.05
458252,0.16,0.12,1.36,0.05
458259,0.16,0.11,1.40,0.05
458264,0.16,0.11,1.40,0.05
458271,0.18,0.10,1.43,0.05
458278,0.21,0.10,1.47,0.05
458283,0.21,0.10,1.47,0.05
458290,0.25,0.11,1.50,0.05
458295,0.25,0.11,1.50,0.05
458302,0.29,0.12,1.54,0.05
458309,0.32,0.12,1.59,0.05
458314,0.32,0.12,1.59,0.05
458321,0.33,0.10,1.64,0.05
458329,0.34,0.06,1.69,0.05
458333,0.34,0.06,1.69,0.05
458340,0.37,0.03,1.74,0.05
458345,0.37,0.03,1.74,0.05
458352,0.41,0.02,1.77,0.05
458359,0.47,0.03,1.82,0.05
458364,0.47,0.03,1.82,0.05
458372,0.53,0.03,1.85,0.05
458379,0.60,0.04,1.89,0.05
458383,0.60,0.04,1.89,0.05
458391,0.64,0.03,1.93,0.05
458398,0.68,0.00,1.97,0.05
458402,0.68,0.00,1.97,0.05
458409,0.69,-0.04,2.01,0.05
458415,0.69,-0.04,2.01,0.05
458422,0.70,-0.10,2.05,0.05
458429,0.71,-0.17,2.09,0.05
458434,0.71,-0.17,2.09,0.05
458441,0.74,-0.24,2.11,0.08
458448,0.81,-0.33,2.12,0.05
458454,0.81,-0.33,2.12,0.05
458461,0.92,-0.39,2.13,0.05
458465,0.92,-0.39,2.13,0.05
458472,1.02,-0.46,2.15,0.05
458480,1.11,-0.50,2.16,0.05
458484,1.11,-0.50,2.16,0.05
458491,1.18,-0.52,2.18,0.05
458499,1.22,-0.54,2.21,0.05
458504,1.22,-0.54,2.21,0.05
458511,1.23,-0.56,2.23,0.05
458518,1.24,-0.61,2.25,0.05
458523,1.24,-0.61,2.25,0.05
458530,1.27,-0.66,2.26,0.05
458535,1.27,-0.66,2.26,0.05
458543,1.32,-0.72,2.27,0.05
458550,1.40,-0.78,2.27,0.05
458554,1.40,-0.78,2.27,0.05
458561,1.51,-0.83,2.27,0.05
458568,1.61,-0.90,2.27,0.05
458573,1.61,-0.90,2.27,0.05
458580,1.71,-0.96,2.26,0.05
458586,1.71,-0.96,2.26,0.05
458593,1.80,-1.04,2.25,0.05
458600,1.88,-1.09,2.24,0.05
458604,1.88,-1.09,2.24,0.05
458612,1.95,-1.14,2.22,0.05
458619,2.00,-1.18,2.21,0.05
458624,2.00,-1.18,2.21,0.05
458631,2.03,-1.24,2.20,0.05
458638,2.08,-1.30,2.19,0.05
458643,2.08,-1.30,2.19,0.05
458650,2.13,-1.36,2.19,0.05
458655,2.13,-1.36,2.19,0.05
458662,2.20,-1.43,2.19,0.05
458670,2.29,-1.49,2.20,0.05
458675,2.29,-1.49,2.20,0.05
458682,2.40,-1.53,2.20,0.05
458689,2.49,-1.57,2.22,0.05
458693,2.49,-1.57,2.22,0.05
458700,2.57,-1.62,2.22,0.05
458705,2.57,-1.62,2.22,0.05
458713,2.63,-1.67,2.23,0.05
458720,2.69,-1.75,2.24,0.05
458725,2.69,-1.75,2.24,0.05
458732,2.75,-1.85,2.25,0.05
458739,2.83,-1.95,2.26,0.05
458744,2.83,-1.95,2.26,0.08
458752,2.92,-2.05,2.28,0.05
458759,3.00,-2.12,2.30,0.05
458763,3.00,-2.12,2.30,0.05
458770,3.10,-2.16,2.32,0.05
458775,3.10,-2.16,2.32,0.05
458782,3.18,-2.14,2.32,0.05
458789,3.23,-2.09,2.33,0.05
458795,3.23,-2.09,2.33,0.05
458802,3.26,-2.02,2.33,0.05
458809,3.30,-1.96,2.33,0.05
458814,3.30,-1.96,2.33,0.05
458821,3.36,-1.92,2.33,0.05
458828,3.43,-1.88,2.35,0.05
458833,3.43,-1.88,2.35,0.05
458841,3.51,-1.85,2.37,0.05
458845,3.51,-1.85,2.37,0.05
458852,3.62,-1.80,2.38,0.05
458859,3.72,-1.73,2.40,0.05
458864,3.72,-1.73,2.40,0.05
458871,3.83,-1.64,2.41,0.05
458878,3.93,-1.55,2.43,0.05
458884,3.93,-1.55,2.43,0.05
458891,4.05,-1.47,2.44,0.05
458895,4.05,-1.47,2.44,0.05
458903,4.15,-1.38,2.47,0.05
458910,4.27,-1.28,2.50,0.05
458914,4.27,-1.28,2.50,0.05
458921,4.37,-1.14,2.53,0.05
458929,4.46,-0.98,2.57,0.05
458934,4.46,-0.98,2.57,0.05
458941,4.52,-0.80,2.61,0.05
458948,4.59,-0.62,2.66,0.05
458953,4.59,-0.62,2.66,0.05
458960,4.67,-0.44,2.71,0.05
458964,4.67,-0.44,2.71,0.05
458972,4.76,-0.28,2.77,0.05
458979,4.86,-0.16,2.84,0.05
458984,4.86,-0.16,2.84,0.05
458991,4.95,-0.06,2.90,0.05
458998,5.05,0.01,2.96,0.05
459003,5.05,0.01,2.96,0.05
459011,5.13,0.07,3.02,0.05
459016,5.13,0.07,3.02,0.05
459023,5.21,0.11,3.06,0.05
459029,5.30,0.16,3.09,0.05
459034,5.30,0.16,3.09,0.10
459041,5.39,0.21,3.12,0.18
459048,5.47,0.25,3.13,0.05
459054,5.47,0.25,3.13,0.05
459061,5.55,0.29,3.13,0.05
459066,5.55,0.29,3.13,0.05
459073,5.63,0.33,3.12,0.05
459080,5.71,0.36,3.10,0.05
459084,5.71,0.36,3.10,0.05
459091,5.80,0.40,3.08,0.05
459099,5.89,0.42,3.05,0.05
459104,5.89,0.42,3.05,0.05
459111,5.98,0.44,3.03,0.05
459118,6.09,0.45,3.00,0.05
459123,6.09,0.45,3.00,0.05
459130,6.18,0.46,2.97,0.05
459134,6.18,0.46,2.97,0.05
459142,6.27,0.46,2.95,0.05
459149,6.34,0.47,2.94,0.05
459154,6.34,0.47,2.94,0.05
459161,6.40,0.50,2.94,0.05
459168,6.46,0.53,2.95,0.05
459173,6.46,0.53,2.95,0.05
459181,6.52,0.57,2.96,0.05
459185,6.52,0.57,2.96,0.05
459192,6.59,0.62,2.99,0.05
459199,6.67,0.66,3.02,0.05
459204,6.67,0.66,3.02,0.05
459211,6.77,0.71,3.07,0.05
459218,6.89,0.74,3.13,0.05
459224,6.89,0.74,3.13,0.05
459231,7.03,0.77,3.18,0.05
459235,7.03,0.77,3.18,0.05
459242,7.16,0.80,3.24,0.05
459249,7.29,0.83,3.29,0.05
459254,7.29,0.83,3.29,0.05
459261,7.42,0.85,3.33,0.05
459269,7.55,0.86,3.37,0.05
459274,7.55,0.86,3.37,0.05
459281,7.69,0.88,3.41,0.05
459285,7.69,0.88,3.41,0.05
459293,7.83,0.90,3.44,0.05
459300,7.99,0.93,3.47,0.05
459304,7.99,0.93,3.47,0.05
459312,8.14,0.97,3.51,0.05
459319,8.30,1.03,3.54,0.05
459324,8.30,1.03,3.54,0.05
459331,8.46,1.10,3.56,0.05
459338,8.62,1.17,3.58,0.05
459342,8.62,1.17,3.58,0.05
459351,8.78,1.25,3.58,0.05
459355,8.78,1.25,3.58,0.05
459362,8.95,1.35,3.57,0.05
459369,9.14,1.45,3.56,0.05
459374,9.14,1.45,3.56,0.05
459381,9.35,1.55,3.55,0.05
459388,9.58,1.64,3.55,0.05
459394,9.58,1.64,3.55,0.05
459401,9.84,1.71,3.57,0.05
459405,9.84,1.71,3.57,0.05
459412,10.10,1.76,3.59,0.05
459419,10.36,1.81,3.63,0.05
459424,10.36,1.81,3.63,0.05
459431,10.59,1.85,3.67,0.05
459439,10.80,1.89,3.71,0.05
459444,10.80,1.89,3.71,0.05
459451,10.99,1.94,3.76,0.05
459458,11.19,2.01,3.81,0.05
459463,11.19,2.01,3.81,0.05
459470,11.39,2.10,3.86,0.05
459475,11.39,2.10,3.86,0.05
459483,11.61,2.19,3.91,0.05
459490,11.83,2.28,3.96,0.05
459495,11.83,2.28,3.96,0.05
459502,12.05,2.38,3.99,0.05
459509,12.27,2.45,4.02,0.05
459513,12.27,2.45,4.02,0.05
459522,12.51,2.52,4.04,0.05
459529,12.76,2.59,4.05,0.05
459533,12.76,2.59,4.05,0.05
459540,13.01,2.67,4.07,0.05
459545,13.01,2.67,4.07,0.05
459552,13.25,2.74,4.08,0.05
459559,13.49,2.82,4.08,0.05
459565,13.49,2.82,4.08,0.05
459572,13.72,2.89,4.09,0.05
459579,13.96,2.94,4.09,0.05
459584,13.96,2.94,4.09,0.05
459591,14.18,2.98,4.09,0.05
459598,14.40,2.99,4.09,0.05
459602,14.40,2.99,4.09,0.05
459610,14.62,2.99,4.08,0.05
459615,14.62,2.99,4.08,0.05
459622,14.85,2.98,4.08,0.05
459629,15.08,2.96,4.09,0.10
459634,15.08,2.96,4.09,0.05
459641,15.31,2.95,4.11,0.05
459649,15.54,2.95,4.14,0.05
459654,15.54,2.95,4.14,0.05
459661,15.76,2.96,4.17,0.05
459668,15.98,2.97,4.20,0.05
459673,15.98,2.97,4.20,0.05
459680,16.19,3.00,4.25,0.05
459685,16.19,3.00,4.25,0.05
459693,16.40,3.01,4.29,0.05
459700,16.61,3.02,4.33,0.05
459705,16.61,3.02,4.33,0.05
459712,16.81,3.01,4.38,0.05
459719,17.01,3.01,4.43,0.05
459723,17.01,3.01,4.43,0.05
459731,17.20,3.00,4.46,0.05
459739,17.37,3.00,4.49,0.05
459743,17.37,3.00,4.49,0.05
459750,17.52,3.03,4.51,0.08
459755,17.52,3.03,4.51,0.05
459762,17.67,3.07,4.53,0.05
459769,17.84,3.11,4.55,0.05
459774,17.84,3.11,4.55,0.05
459782,18.04,3.12,4.57,0.05
459789,18.24,3.11,4.60,0.05
459794,18.24,3.11,4.60,0.05
459801,18.46,3.08,4.61,0.05
459808,18.65,3.04,4.62,0.05
459813,18.65,3.04,4.62,0.05
459821,18.82,3.03,4.63,0.05
459826,18.82,3.03,4.63,0.05
459833,18.97,3.05,4.64,0.05
459840,19.11,3.09,4.64,0.05
459844,19.11,3.09,4.64,0.05
459851,19.24,3.12,4.66,0.05
459859,19.38,3.12,4.68,0.05
459864,19.38,3.12,4.68,0.05
459871,19.53,3.10,4.69,0.05
459878,19.67,3.07,4.71,0.05
459883,19.67,3.07,4.71,0.05
459890,19.80,3.05,4.72,0.05
459895,19.80,3.05,4.72,0.05
459902,19.91,3.05,4.73,0.05
459910,20.01,3.07,4.73,0.05
459915,20.01,3.07,4.73,0.05
459922,20.11,3.11,4.74,0.05
459929,20.20,3.16,4.76,0.05
459934,20.20,3.16,4.76,0.05
459941,20.32,3.18,4.77,0.05
459949,20.44,3.19,4.78,0.05
459953,20.44,3.19,4.78,0.05
459961,20.56,3.19,4.79,0.05
459965,20.56,3.19,4.79,0.08
459972,20.66,3.17,4.80,0.05
459979,20.76,3.15,4.79,0.05
459984,20.76,3.15,4.79,0.05
459992,20.85,3.14,4.78,0.05
459999,20.94,3.15,4.77,0.05
460004,20.94,3.15,4.77,0.05
460011,21.02,3.16,4.76,0.05
460018,21.10,3.19,4.76,0.05
460023,21.10,3.19,4.76,0.05
460030,21.19,3.23,4.75,0.05
460036,21.19,3.23,4.75,0.05
460043,21.29,3.27,4.75,0.05
460050,21.40,3.32,4.77,0.05
460055,21.40,3.32,4.77,0.05
460062,21.52,3.33,4.79,0.05
460069,21.63,3.30,4.81,0.05
460073,21.63,3.30,4.81,0.05
460081,21.73,3.27,4.83,0.05
460088,21.80,3.23,4.86,0.05
460093,21.80,3.23,4.86,0.05
460100,21.85,3.23,4.88,0.05
460105,21.85,3.23,4.88,0.05
460112,21.87,3.25,4.91,0.05
460120,21.88,3.29,4.93,0.05
460125,21.88,3.29,4.93,0.05
460132,21.88,3.35,4.96,0.05
460139,21.89,3.40,4.97,0.05
460144,21.89,3.40,4.97,0.05
460151,21.94,3.46,4.98,0.05
460158,22.02,3.52,4.97,0.05
460163,22.02,3.52,4.97,0.05
460171,22.10,3.58,4.97,0.05
460175,22.10,3.58,4.97,0.05
460182,22.20,3.65,4.96,0.05
460189,22.27,3.74,4.95,0.05
460194,22.27,3.74,4.95,0.05
460201,22.35,3.83,4.93,0.05
460209,22.40,3.91,4.92,0.05
460214,22.40,3.91,4.92,0.05
460221,22.46,3.97,4.92,0.05
460226,22.46,3.97,4.92,0.05
460233,22.52,4.01,4.93,0.05
460240,22.57,4.00,4.93,0.13
460246,22.57,4.00,4.93,0.05
460253,22.62,3.99,4.94,0.05
460260,22.64,3.98,4.96,0.05
460264,22.64,3.98,4.96,0.05
460272,22.67,3.99,4.99,0.05
460279,22.68,4.01,5.02,0.05
460283,22.68,4.01,5.02,0.05
460291,22.70,4.05,5.06,0.05
460296,22.70,4.05,5.06,0.05
460303,22.74,4.09,5.10,0.05
460310,22.81,4.12,5.15,0.05
460315,22.81,4.12,5.15,0.05
460322,22.90,4.13,5.21,0.05
460329,23.01,4.14,5.27,0.05
460335,23.01,4.14,5.27,0.05
460342,23.11,4.15,5.33,0.05
460349,23.19,4.18,5.39,0.05
460354,23.19,4.18,5.39,0.05
460361,23.27,4.22,5.45,0.05
460365,23.27,4.22,5.45,0.05
460372,23.32,4.27,5.52,0.05
460380,23.38,4.32,5.59,0.05
460385,23.38,4.32,5.59,0.05
460392,23.44,4.36,5.66,0.05
460399,23.49,4.39,5.73,0.05
460404,23.49,4.39,5.73,0.05
460411,23.55,4.41,5.79,0.05
460419,23.60,4.41,5.84,0.05
460424,23.60,4.41,5.84,0.05
460431,23.66,4.42,5.88,0.05
460436,23.66,4.42,5.88,0.05
460443,23.71,4.44,5.92,0.05
460450,23.77,4.48,5.96,0.05
460455,23.77,4.48,5.96,0.05
460463,23.83,4.53,6.01,0.05
460470,23.90,4.58,6.05,0.05
460474,23.90,4.58,6.05,0.05
460481,23.97,4.62,6.09,0.05
460488,24.05,4.63,6.13,0.05
460493,24.05,4.63,6.13,0.05
460500,24.11,4.63,6.15,0.05
460506,24.11,4.63,6.15,0.05
460513,24.15,4.59,6.16,0.05
460520,24.18,4.55,6.16,0.05
460525,24.18,4.55,6.16,0.05
460532,24.17,4.51,6.16,0.05
460539,24.15,4.50,6.15,0.05
460545,24.15,4.50,6.15,0.05
460552,24.12,4.51,6.15,0.05
460559,24.10,4.55,6.15,0.05
460563,24.10,4.55,6.15,0.05
460571,24.09,4.59,6.16,0.05
460575,24.09,4.59,6.16,0.05
460582,24.10,4.62,6.17,0.05
460590,24.12,4.63,6.17,0.05
460595,24.12,4.63,6.17,0.05
460602,24.14,4.61,6.16,0.05
460609,24.16,4.57,6.14,0.05
460614,24.16,4.57,6.14,0.05
460621,24.17,4.51,6.11,0.05
460628,24.16,4.45,6.08,0.05
460634,24.16,4.45,6.08,0.05
460641,24.14,4.40,6.05,0.05
460646,24.14,4.40,6.05,0.05
460653,24.10,4.37,6.03,0.05
460660,24.05,4.35,6.02,0.05
460664,24.05,4.35,6.02,0.05
460673,23.99,4.35,6.01,0.05
460680,23.93,4.34,6.01,0.05
460684,23.93,4.34,6.01,0.05
460691,23.88,4.32,6.01,0.05
460698,23.83,4.30,6.00,0.05
460703,23.83,4.30,6.00,0.05
460710,23.79,4.27,5.99,0.05
460716,23.79,4.27,5.99,0.05
460723,23.75,4.22,5.97,0.05
460730,23.72,4.19,5.95,0.05
460735,23.72,4.19,5.95,0.05
460742,23.69,4.17,5.93,0.05
460749,23.66,4.15,5.91,0.05
460754,23.66,4.15,5.91,0.05
460762,23.62,4.14,5.90,0.05
460769,23.59,4.11,5.89,0.05
460773,23.59,4.11,5.89,0.05
460781,23.54,4.08,5.87,0.05
460785,23.54,4.08,5.87,0.05
460792,23.49,4.04,5.85,0.05
460800,23.43,4.01,5.84,0.05
460805,23.43,4.01,5.84,0.05
460812,23.36,4.01,5.83,0.05
460819,23.28,4.02,5.84,0.05
460824,23.28,4.02,5.84,0.05
460831,23.20,4.07,5.85,0.05
460838,23.10,4.12,5.87,0.05
460844,23.10,4.12,5.87,0.05
460851,23.03,4.16,5.88,0.05
460856,23.03,4.16,5.88,0.05
460863,22.95,4.20,5.90,0.05
460870,22.87,4.22,5.91,0.05
460874,22.87,4.22,5.91,0.05
460881,22.79,4.24,5.91,0.05
460889,22.70,4.24,5.91,0.05
460894,22.70,4.24,5.91,0.05
460901,22.62,4.23,5.89,0.05
460909,22.53,4.22,5.87,0.05
460913,22.53,4.22,5.87,0.05
460920,22.44,4.21,5.84,0.05
460925,22.44,4.21,5.84,0.05
460933,22.32,4.19,5.81,0.05
460940,22.20,4.18,5.77,0.05
460945,22.20,4.18,5.77,0.05
460952,22.06,4.17,5.72,0.05
460959,21.91,4.19,5.68,0.05
460964,21.91,4.19,5.68,0.05
460972,21.77,4.22,5.63,0.05
460979,21.62,4.26,5.58,0.05
460984,21.62,4.26,5.58,0.05
460991,21.48,4.32,5.54,0.05
460996,21.48,4.32,5.54,0.05
461003,21.34,4.37,5.50,0.05
461010,21.21,4.41,5.46,0.05
461015,21.21,4.41,5.46,0.05
461022,21.10,4.42,5.43,0.05
461029,20.99,4.42,5.41,0.05
461034,20.99,4.42,5.41,0.05
461041,20.88,4.41,5.39,0.05
461048,20.75,4.42,5.38,0.05
461053,20.75,4.42,5.38,0.05
461061,20.61,4.45,5.39,0.05
461066,20.61,4.45,5.39,0.05
461073,20.45,4.50,5.41,0.05
461080,20.29,4.57,5.45,0.05
461085,20.29,4.57,5.45,0.05
461092,20.13,4.66,5.49,0.05
461100,19.97,4.75,5.56,0.05
461105,19.97,4.75,5.56,0.05
461112,19.82,4.82,5.61,0.05
461119,19.68,4.87,5.68,0.05
461123,19.68,4.87,5.68,0.05
461130,19.55,4.90,5.73,0.05
461135,19.55,4.90,5.73,0.05
461143,19.42,4.92,5.78,0.05
461150,19.29,4.95,5.84,0.05
461155,19.29,4.95,5.84,0.05
461162,19.16,5.00,5.90,0.05
461169,19.03,5.06,5.95,0.05
461174,19.03,5.06,5.95,0.05
461181,18.90,5.13,6.01,0.05
461189,18.79,5.21,6.08,0.05
461194,18.79,5.21,6.08,0.05
461201,18.67,5.28,6.13,0.05
461205,18.67,5.28,6.13,0.05
461213,18.56,5.33,6.18,0.05
461220,18.46,5.37,6.23,0.05
461224,18.46,5.37,6.23,0.05
461232,18.36,5.40,6.27,0.05
461240,18.25,5.43,6.31,0.05
461244,18.25,5.43,6.31,0.05
461251,18.14,5.46,6.35,0.05
461258,18.03,5.49,6.37,0.05
461263,18.03,5.49,6.37,0.05
461271,17.92,5.52,6.40,0.05
461276,17.92,5.52,6.40,0.05
461283,17.81,5.53,6.42,0.05
461290,17.71,5.52,6.43,0.05
461295,17.71,5.52,6.43,0.05
461302,17.60,5.49,6.44,0.05
461309,17.50,5.45,6.44,0.05
461315,17.50,5.45,6.44,0.05
461322,17.39,5.40,6.44,0.05
461329,17.30,5.35,6.43,0.05
461333,17.30,5.35,6.43,0.05
461341,17.19,5.30,6.41,0.05
461345,17.19,5.30,6.41,0.05
461352,17.09,5.24,6.40,0.05
461360,16.99,5.17,6.37,0.05
461365,16.99,5.17,6.37,0.05
461372,16.90,5.10,6.34,0.05
461379,16.81,5.01,6.30,0.05
461384,16.81,5.01,6.30,0.05
461391,16.72,4.91,6.26,0.08
461399,16.64,4.81,6.22,0.05
461404,16.64,4.81,6.22,0.05
461411,16.56,4.70,6.18,0.05
461416,16.56,4.70,6.18,0.05
461423,16.48,4.60,6.14,0.05
461430,16.40,4.51,6.11,0.05
461434,16.40,4.51,6.11,0.05
461443,16.32,4.44,6.08,0.05
461450,16.23,4.37,6.05,0.05
461454,16.23,4.37,6.05,0.05
461461,16.15,4.30,6.03,0.05
461468,16.09,4.24,6.02,0.05
461473,16.09,4.24,6.02,0.05
461480,16.05,4.18,6.01,0.05
461486,16.05,4.18,6.01,0.05
461493,16.04,4.14,6.04,0.05
461500,16.05,4.12,6.07,0.05
461505,16.05,4.12,6.07,0.05
461512,16.07,4.11,6.11,0.05
461519,16.09,4.12,6.18,0.05
461524,16.09,4.12,6.18,0.05
461532,16.10,4.14,6.24,0.05
461539,16.11,4.17,6.32,0.05
461544,16.11,4.17,6.32,0.05
461551,16.11,4.20,6.39,0.05
461555,16.11,4.20,6.39,0.05
461563,16.11,4.24,6.46,0.05
461571,16.10,4.29,6.55,0.08
461575,16.10,4.29,6.55,0.05
461582,16.09,4.33,6.63,0.05
461589,16.07,4.37,6.71,0.05
461594,16.07,4.37,6.71,0.05
461601,16.05,4.40,6.78,0.05
461608,16.02,4.42,6.85,0.10
461614,16.02,4.42,6.85,0.05
461621,16.00,4.43,6.92,0.05
461626,16.00,4.43,6.92,0.05
461633,15.97,4.44,6.97,0.05
461640,15.93,4.44,7.02,0.05
461645,15.93,4.44,7.02,0.05
461652,15.88,4.45,7.05,0.05
461660,15.81,4.46,7.08,0.05
461665,15.81,4.46,7.08,0.05
461672,15.74,4.46,7.09,0.05
461679,15.66,4.45,7.09,0.05
461683,15.66,4.45,7.09,0.05
461691,15.58,4.44,7.08,0.05
461696,15.58,4.44,7.08,0.05
461703,15.49,4.41,7.05,0.05
461710,15.40,4.38,7.02,0.05
461715,15.40,4.38,7.02,0.05
461722,15.30,4.35,6.97,0.05
461729,15.19,4.32,6.92,0.05
461734,15.19,4.32,6.92,0.10
461742,15.07,4.28,6.86,0.05
461749,14.93,4.22,6.80,0.05
461754,14.93,4.22,6.80,0.05
461761,14.79,4.16,6.73,0.05
461766,14.79,4.16,6.73,0.05
461773,14.64,4.08,6.65,0.05
461780,14.49,4.01,6.58,0.05
461785,14.49,4.01,6.58,0.05
461793,14.33,3.96,6.51,0.05
461800,14.17,3.92,6.45,0.05
461804,14.17,3.92,6.45,0.05
461812,14.00,3.90,6.39,0.05
461819,13.81,3.88,6.33,0.05
461824,13.81,3.88,6.33,0.05
461831,13.64,3.87,6.27,0.05
461836,13.64,3.87,6.27,0.05
461843,13.46,3.85,6.21,0.05
461850,13.29,3.83,6.16,0.05
461855,13.29,3.83,6.16,0.05
461862,13.13,3.82,6.11,0.05
461870,12.98,3.81,6.06,0.05
461875,12.98,3.81,6.06,0.05
461882,12.83,3.81,6.04,0.05
461889,12.70,3.79,6.02,0.05
461894,12.70,3.79,6.02,0.05
461901,12.58,3.75,6.01,0.05
461906,12.58,3.75,6.01,0.05
461914,12.48,3.71,6.03,0.05
461921,12.37,3.67,6.05,0.05
461925,12.37,3.67,6.05,0.05
461933,12.26,3.63,6.08,0.05
461940,12.14,3.60,6.14,0.05
461944,12.14,3.60,6.14,0.05
461952,12.02,3.56,6.19,0.05
461959,11.90,3.51,6.26,0.05
461964,11.90,3.51,6.26,0.05
461971,11.78,3.45,6.33,0.05
461976,11.78,3.45,6.33,0.05
461983,11.65,3.39,6.40,0.05
461990,11.53,3.33,6.48,0.05
461996,11.53,3.33,6.48,0.05
462003,11.39,3.26,6.56,0.05
462010,11.24,3.19,6.62,0.05
462015,11.24,3.19,6.62,0.05
462022,11.10,3.11,6.67,0.05
462029,10.97,3.03,6.71,0.05
462034,10.97,3.03,6.71,0.05
462042,10.86,2.94,6.75,0.05
462046,10.86,2.94,6.75,0.05
462053,10.77,2.85,6.78,0.05
462061,10.66,2.75,6.81,0.05
462065,10.66,2.75,6.81,0.05
462072,10.54,2.64,6.83,0.05
462080,10.41,2.53,6.84,0.05
462085,10.41,2.53,6.84,0.05
462092,10.27,2.43,6.84,0.05
462099,10.12,2.34,6.84,0.08
462104,10.12,2.34,6.84,0.05
462111,9.97,2.25,6.83,0.05
462116,9.97,2.25,6.83,0.05
462124,9.83,2.18,6.81,0.05
462131,9.68,2.10,6.79,0.05
462136,9.68,2.10,6.79,0.05
462143,9.55,2.04,6.76,0.05
462150,9.42,1.98,6.72,0.05
462154,9.42,1.98,6.72,0.05
462161,9.29,1.93,6.68,0.05
462169,9.18,1.87,6.64,0.05
462174,9.18,1.87,6.64,0.05
462181,9.06,1.79,6.61,0.05
462186,9.06,1.79,6.61,0.05
462193,8.96,1.71,6.57,0.05
462200,8.85,1.62,6.53,0.05
462204,8.85,1.62,6.53,0.05
462212,8.74,1.51,6.51,0.05
462220,8.62,1.43,6.50,0.05
462224,8.62,1.43,6.50,0.05
462231,8.49,1.36,6.50,0.05
462236,8.49,1.36,6.50,0.05
462243,8.35,1.31,6.50,0.05
462251,8.20,1.27,6.50,0.05
462256,8.20,1.27,6.50,0.05
462263,8.06,1.23,6.51,0.05
462270,7.93,1.18,6.53,0.05
462274,7.93,1.18,6.53,0.05
462281,7.80,1.13,6.55,0.05
462289,7.68,1.06,6.58,0.05
462294,7.68,1.06,6.58,0.05
462301,7.56,0.99,6.62,0.05
462306,7.56,0.99,6.62,0.05
462313,7.43,0.91,6.66,0.05
462320,7.29,0.84,6.70,0.05
462325,7.29,0.84,6.70,0.05
462332,7.15,0.79,6.74,0.05
462340,7.02,0.75,6.78,0.05
462344,7.02,0.75,6.78,0.05
462351,6.90,0.71,6.82,0.05
462356,6.90,0.71,6.82,0.05
462363,6.77,0.66,6.85,0.05
462370,6.64,0.62,6.88,0.05
462375,6.64,0.62,6.88,0.05
462383,6.52,0.58,6.89,0.05
462390,6.40,0.55,6.90,0.05
462394,6.40,0.55,6.90,0.05
462402,6.29,0.53,6.92,0.05
462406,6.29,0.53,6.92,0.05
462413,6.18,0.50,6.93,0.05
462420,6.08,0.47,6.94,0.05
462426,6.08,0.47,6.94,0.05
462433,5.98,0.42,6.95,0.05
462440,5.88,0.37,6.96,0.05
462445,5.88,0.37,6.96,0.05
462452,5.77,0.32,6.95,0.05
462459,5.66,0.28,6.94,0.05
462464,5.66,0.28,6.94,0.05
462471,5.55,0.25,6.94,0.05
462476,5.55,0.25,6.94,0.05
462483,5.45,0.23,6.92,0.05
462490,5.35,0.20,6.90,0.05
462495,5.35,0.20,6.90,0.05
462502,5.27,0.17,6.88,0.05
462510,5.19,0.15,6.87,0.05
462514,5.19,0.15,6.87,0.05
462521,5.12,0.13,6.86,0.05
462526,5.12,0.13,6.86,0.05
462533,5.05,0.11,6.86,0.05
462540,4.95,0.10,6.85,0.05
462545,4.95,0.10,6.85,0.05
462553,4.83,0.09,6.83,0.05
462560,4.71,0.09,6.80,0.05
462564,4.71,0.09,6.80,0.05
462571,4.60,0.10,6.77,0.05
462576,4.60,0.10,6.77,0.05
462583,4.49,0.09,6.74,0.05
462590,4.40,0.07,6.70,0.05
462596,4.40,0.07,6.70,0.05
462603,4.32,0.05,6.67,0.05
462610,4.23,0.02,6.63,0.05
462614,4.23,0.02,6.63,0.08
462622,4.13,0.00,6.59,0.05
462628,4.01,-0.01,6.54,0.05
462633,4.01,-0.01,6.54,0.05
462641,3.86,-0.05,6.48,0.05
462646,3.86,-0.05,6.48,0.05
462653,3.72,-0.09,6.41,0.05
462660,3.58,-0.15,6.34,0.05
462665,3.58,-0.15,6.34,0.05
462672,3.45,-0.23,6.27,0.05
462680,3.33,-0.29,6.20,0.05
462684,3.33,-0.29,6.20,0.05
462691,3.23,-0.35,6.13,0.05
462696,3.23,-0.35,6.13,0.05
462703,3.14,-0.39,6.07,0.05
462710,3.04,-0.41,6.01,0.05
462715,3.04,-0.41,6.01,0.05
462723,2.94,-0.45,5.97,0.05
462730,2.82,-0.49,5.94,0.05
462735,2.82,-0.49,5.94,0.05
462742,2.68,-0.54,5.90,0.05
462746,2.68,-0.54,5.90,0.05
462753,2.55,-0.58,5.87,0.05
462760,2.42,-0.61,5.83,0.05
462766,2.42,-0.61,5.83,0.05
462773,2.31,-0.64,5.81,0.05
462780,2.23,-0.67,5.80,0.05
462785,2.23,-0.67,5.80,0.05
462792,2.16,-0.67,5.81,0.05
462799,2.09,-0.68,5.84,0.05
462804,2.09,-0.68,5.84,0.05
462812,2.02,-0.66,5.87,0.05
462816,2.02,-0.66,5.87,0.05
462823,1.93,-0.64,5.91,0.05
462830,1.83,-0.61,5.94,0.05
462835,1.83,-0.61,5.94,0.08
462842,1.74,-0.58,5.98,0.05
462850,1.69,-0.53,6.01,0.05
462855,1.69,-0.53,6.01,0.05
462862,1.68,-0.50,6.05,0.05
462869,1.69,-0.50,6.09,0.05
462874,1.69,-0.50,6.09,0.05
462881,1.71,-0.53,6.13,0.05
462885,1.71,-0.53,6.13,0.05
462894,1.73,-0.56,6.17,0.05
462901,1.73,-0.60,6.21,0.05
462905,1.73,-0.60,6.21,0.05
462912,1.69,-0.63,6.23,0.05
462919,1.62,-0.66,6.25,0.05
462924,1.62,-0.66,6.25,0.05
462931,1.54,-0.69,6.25,0.05
462937,1.54,-0.69,6.25,0.05
462944,1.47,-0.72,6.24,0.05
462951,1.41,-0.76,6.23,0.05
462956,1.41,-0.76,6.23,0.05
462963,1.37,-0.82,6.21,0.05
462970,1.33,-0.86,6.19,0.05
462974,1.33,-0.86,6.19,0.05
462982,1.30,-0.86,6.17,0.05
462989,1.29,-0.82,6.14,0.05
462994,1.29,-0.82,6.14,0.05
463001,1.29,-0.78,6.11,0.05
463006,1.29,-0.78,6.11,0.05
463013,1.30,-0.78,6.08,0.05
463021,1.31,-0.82,6.05,0.05
463026,1.31,-0.82,6.05,0.05
463033,1.30,-0.87,6.01,0.05
463040,1.26,-0.89,5.97,0.05
463044,1.26,-0.89,5.97,0.05
463051,1.19,-0.87,5.94,0.05
463059,1.14,-0.84,5.92,0.05
463064,1.14,-0.84,5.92,0.05
463071,1.11,-0.83,5.90,0.05
463076,1.11,-0.83,5.90,0.05
463083,1.08,-0.83,5.90,0.05
463090,1.08,-0.84,5.90,0.05
463095,1.08,-0.84,5.90,0.05
463102,1.08,-0.86,5.92,0.05
463110,1.08,-0.86,5.94,0.05
463114,1.08,-0.86,5.94,0.05
463122,1.07,-0.85,5.97,0.05
463126,1.07,-0.85,5.97,0.08
463133,1.04,-0.84,5.99,0.05
463140,1.00,-0.84,6.02,0.05
463145,1.00,-0.84,6.02,0.05
463153,0.95,-0.83,6.05,0.05
463160,0.93,-0.83,6.07,0.05
463165,0.93,-0.83,6.07,0.05
463172,0.93,-0.82,6.09,0.05
463179,0.94,-0.81,6.12,0.05
463184,0.94,-0.81,6.12,0.05
463192,0.96,-0.80,6.14,0.05
463196,0.96,-0.80,6.14,0.05
463203,0.98,-0.80,6.16,0.05
463210,0.97,-0.78,6.17,0.05
463215,0.97,-0.78,6.17,0.05
463222,0.95,-0.77,6.18,0.05
463229,0.91,-0.76,6.18,0.05
463235,0.91,-0.76,6.18,0.05
463242,0.87,-0.75,6.18,0.05
463247,0.87,-0.75,6.18,0.05
463254,0.84,-0.73,6.17,0.05
463261,0.81,-0.72,6.16,0.05
463265,0.81,-0.72,6.16,0.05
463272,0.78,-0.71,6.14,0.05
463280,0.75,-0.71,6.12,0.05
463285,0.75,-0.71,6.12,0.05
463292,0.72,-0.70,6.11,0.05
463299,0.69,-0.70,6.09,0.05
463304,0.69,-0.70,6.09,0.05
463311,0.66,-0.69,6.08,0.05
463316,0.66,-0.69,6.08,0.05
463324,0.63,-0.69,6.07,0.05
463331,0.60,-0.67,6.06,0.05
463335,0.60,-0.67,6.06,0.05
463342,0.58,-0.65,6.05,0.05
463349,0.57,-0.63,6.06,0.05
463354,0.57,-0.63,6.06,0.05
463362,0.57,-0.62,6.06,0.05
463367,0.57,-0.62,6.06,0.05
463374,0.56,-0.60,6.08,0.05
463381,0.54,-0.59,6.12,0.05
463386,0.54,-0.59,6.12,0.05
463393,0.51,-0.59,6.16,0.05
463400,0.46,-0.59,6.20,0.05
463405,0.46,-0.59,6.20,0.05
463412,0.42,-0.59,6.24,0.05
463420,0.37,-0.60,6.27,0.05
463424,0.37,-0.60,6.27,0.05
463431,0.33,-0.60,6.30,0.05
463436,0.33,-0.60,6.30,0.05
463443,0.32,-0.61,6.33,0.05
463451,0.31,-0.62,6.36,0.05
463456,0.31,-0.62,6.36,0.05
463463,0.31,-0.63,6.38,0.05
463470,0.32,-0.62,6.41,0.05
463474,0.32,-0.62,6.41,0.05
463481,0.32,-0.60,6.44,0.05
463486,0.32,-0.60,6.44,0.10
463494,0.32,-0.57,6.46,0.05
463501,0.29,-0.55,6.48,0.05
463506,0.29,-0.55,6.48,0.05
463513,0.26,-0.54,6.50,0.05
463520,0.21,-0.54,6.51,0.05
463525,0.21,-0.54,6.51,0.05
463533,0.16,-0.53,6.51,0.05
463540,0.10,-0.54,6.50,0.05
463544,0.10,-0.54,6.50,0.05
463551,0.05,-0.53,6.49,0.05
463556,0.05,-0.53,6.49,0.05
463563,-0.02,-0.52,6.46,0.05
463570,-0.08,-0.51,6.43,0.05
463576,-0.08,-0.51,6.43,0.05
463583,-0.11,-0.51,6.39,0.05
463590,-0.11,-0.37,6.33,0.05
463595,-0.11,-0.37,6.33,0.05
463602,-0.07,-0.10,6.26,0.05
463609,-0.02,0.04,6.20,0.05
463614,-0.02,0.04,6.20,0.05
463622,0.00,0.01,6.14,0.05
463626,0.00,0.01,6.14,0.05
463633,-0.03,-0.08,6.10,0.05
463640,-0.03,-0.17,6.08,0.05
463645,-0.03,-0.17,6.08,0.05
463652,-0.01,-0.12,6.08,0.05
463660,0.03,-0.02,6.10,0.05
463665,0.03,-0.02,6.10,0.05
463672,0.03,0.03,6.14,0.05
463676,0.03,0.03,6.14,0.05
463683,0.01,0.03,6.19,0.05
463690,-0.01,0.03,6.26,0.05
463695,-0.01,0.03,6.26,0.05
463703,-0.00,0.04,6.32,0.05
463710,-0.00,0.05,6.38,0.05
463715,-0.00,0.05,6.38,0.05
463722,-0.01,0.04,6.45,0.05
463726,-0.01,0.04,6.45,0.05
463734,-0.01,0.00,6.50,0.05
463741,-0.01,-0.02,6.53,0.10
463746,-0.01,-0.02,6.53,0.08
463753,-0.02,-0.02,6.54,0.05
463760,-0.03,-0.01,6.52,0.05
463765,-0.03,-0.01,6.52,0.05
463772,-0.04,0.00,6.48,0.05
463779,-0.03,0.01,6.41,0.05
463784,-0.03,0.01,6.41,0.05
463792,-0.02,0.01,6.33,0.05
463797,-0.02,0.01,6.33,0.05
463804,-0.01,0.01,6.24,0.05
463811,-0.01,0.01,6.15,0.05
463815,-0.01,0.01,6.15,0.05
463822,-0.00,-0.01,6.06,0.05
463830,0.01,-0.03,5.99,0.05
463835,0.01,-0.03,5.99,0.05
463842,0.01,-0.03,5.94,0.05
463847,0.01,-0.03,5.94,0.05
463854,0.01,-0.01,5.91,0.05
463861,0.00,0.02,5.92,0.05
463865,0.00,0.02,5.92,0.05
463873,-0.00,0.04,5.95,0.05
463880,-0.01,0.04,6.01,0.05
463885,-0.01,0.04,6.01,0.05
463892,-0.02,0.04,6.09,0.05
463899,-0.02,0.03,6.18,0.05
463904,-0.02,0.03,6.18,0.05
463911,-0.02,0.00,6.27,0.05
463916,-0.02,0.00,6.27,0.05
463924,-0.02,-0.02,6.37,0.05
463931,-0.03,-0.03,6.45,0.05
463935,-0.03,-0.03,6.45,0.05
463942,-0.03,-0.03,6.53,0.05
463949,-0.03,-0.01,6.57,0.05
463954,-0.03,-0.01,6.57,0.05
463962,-0.02,0.00,6.60,0.05
463967,-0.02,0.00,6.60,0.05
463974,-0.01,0.01,6.59,0.05
463981,0.00,0.01,6.57,0.05
463985,0.00,0.01,6.57,0.05
463992,0.01,-0.00,6.52,0.05
464000,0.01,-0.01,6.45,0.05
464005,0.01,-0.01,6.45,0.05
464012,0.02,-0.02,6.36,0.05
464017,0.02,-0.02,6.36,0.05
464024,0.01,-0.00,6.28,0.05
464031,0.01,0.01,6.19,0.05
464035,0.01,0.01,6.19,0.05
464043,0.01,0.03,6.11,0.05
464050,0.01,0.04,6.04,0.05
464055,0.01,0.04,6.04,0.05
464062,0.01,0.04,5.99,0.05
464069,0.00,0.03,5.97,0.05
464074,0.00,0.03,5.97,0.05
464081,-0.01,0.01,5.97,0.05
464087,-0.01,0.01,5.97,0.05
464094,-0.01,-0.01,5.99,0.05
464101,-0.02,-0.02,6.04,0.05
464105,-0.02,-0.02,6.04,0.05
464112,-0.03,-0.03,6.11,0.05
464120,-0.03,-0.02,6.19,0.05
464124,-0.03,-0.02,6.19,0.05
464132,-0.03,-0.01,6.27,0.05
464137,-0.03,-0.01,6.27,0.05
464144,-0.02,0.00,6.35,0.05
464151,-0.02,0.01,6.43,0.05
464156,-0.02,0.01,6.43,0.05
464163,-0.01,0.01,6.49,0.05
464171,-0.01,0.00,6.54,0.05
464175,-0.01,0.00,6.54,0.05
464182,-0.01,0.00,6.56,0.05
464187,-0.01,0.00,6.56,0.05
464194,0.00,0.00,6.56,0.05
464201,0.01,0.01,6.54,0.05
464205,0.01,0.01,6.54,0.05
464212,0.01,0.01,6.50,0.05
464220,0.02,0.03,6.44,0.05
464225,0.02,0.03,6.44,0.05
464232,0.03,0.03,6.36,0.05
464237,0.03,0.03,6.36,0.05
464244,0.03,0.03,6.29,0.05
464251,0.03,0.01,6.21,0.05
464256,0.03,0.01,6.21,0.05
464263,0.02,0.01,6.13,0.05
464270,0.01,-0.01,6.07,0.05
464275,0.01,-0.01,6.07,0.05
464282,-0.01,-0.01,6.03,0.05
464289,-0.01,-0.01,6.01,0.05
464294,-0.01,-0.01,6.01,0.05
464302,-0.02,0.00,6.00,0.05
464306,-0.02,0.00,6.00,0.05
464313,-0.02,0.01,6.02,0.05
464321,-0.01,0.01,6.05,0.05
464325,-0.01,0.01,6.05,0.05
464332,-0.01,0.01,6.11,0.05
464339,-0.01,0.01,6.18,0.05
464345,-0.01,0.01,6.18,0.05
464352,-0.01,0.01,6.25,0.05
464357,-0.01,0.01,6.25,0.05
464364,-0.01,0.01,6.32,0.05
464371,-0.01,0.01,6.39,0.05
464375,-0.01,0.01,6.39,0.05
464382,-0.01,0.01,6.45,0.05
464390,-0.01,0.02,6.49,0.05
464395,-0.01,0.02,6.49,0.05
464402,-0.01,0.02,6.52,0.05
464409,0.00,0.02,6.53,0.05
464414,0.00,0.02,6.53,0.05
464421,0.01,0.01,6.51,0.05
464427,0.01,0.01,6.51,0.05
464434,0.01,0.01,6.48,0.05
464441,0.01,-0.00,6.43,0.05
464445,0.01,-0.00,6.43,0.05
464452,0.01,-0.00,6.37,0.05
464459,0.01,-0.00,6.30,0.05
464464,0.01,-0.00,6.30,0.05
464472,0.01,0.01,6.24,0.08
464477,0.01,0.01,6.24,0.05
464484,0.01,0.01,6.18,0.05
464491,0.01,0.01,6.12,0.05
464495,0.01,0.01,6.12,0.05
464502,0.01,0.01,6.07,0.05
464509,0.00,0.01,6.05,0.05
464515,0.00,0.01,6.05,0.05
464522,-0.01,0.01,6.04,0.05
464527,-0.01,0.01,6.04,0.05
464534,-0.01,0.02,6.05,0.05
464541,-0.02,0.02,6.09,0.05
464545,-0.02,0.02,6.09,0.05
464552,-0.02,0.02,6.13,0.05
464560,-0.01,0.02,6.18,0.05
464565,-0.01,0.02,6.18,0.05
464572,-0.01,0.02,6.25,0.05
464577,-0.01,0.02,6.25,0.05
464584,-0.01,0.02,6.31,0.05
464591,0.00,0.01,6.37,0.05
464595,0.00,0.01,6.37,0.05
464603,0.00,0.01,6.43,0.05
464610,0.00,0.01,6.47,0.08
464615,0.00,0.01,6.47,0.05
464622,-0.01,0.00,6.49,0.05
464626,-0.01,0.00,6.49,0.05
464633,0.00,0.01,6.50,0.05
464641,0.00,0.01,6.49,0.05
464646,0.00,0.01,6.49,0.05
464653,0.01,0.01,6.47,0.05
464660,0.01,0.01,6.43,0.05
464665,0.01,0.01,6.43,0.05
464672,0.01,0.01,6.37,0.05
464676,0.01,0.01,6.37,0.05
464684,0.01,0.01,6.32,0.05
464691,0.01,0.01,6.26,0.05
464696,0.01,0.01,6.26,0.05
464703,0.02,0.02,6.20,0.05
464710,0.01,0.02,6.15,0.05
464715,0.01,0.02,6.15,0.05
464722,0.01,0.02,6.11,0.05
464730,0.00,0.03,6.08,0.05
464734,0.00,0.03,6.08,0.05
464741,-0.01,0.03,6.07,0.05
464746,-0.01,0.03,6.07,0.05
464753,-0.01,0.02,6.09,0.05
464760,-0.01,0.02,6.11,0.05
464765,-0.01,0.02,6.11,0.05
464773,-0.01,0.01,6.15,0.05
464780,-0.01,0.01,6.20,0.05
464785,-0.01,0.01,6.20,0.05
464792,-0.01,0.01,6.26,0.05
464796,-0.01,0.01,6.26,0.08
464803,-0.01,0.01,6.31,0.05
464811,-0.01,0.01,6.37,0.05
464816,-0.01,0.01,6.37,0.05
464823,0.00,0.01,6.42,0.05
464830,0.00,0.01,6.45,0.05
464835,0.00,0.01,6.45,0.05
464842,0.01,0.02,6.48,0.05
464846,0.01,0.02,6.48,0.05
464854,0.01,0.02,6.49,0.05
464861,0.02,0.02,6.48,0.05
464866,0.02,0.02,6.48,0.05
464873,0.02,0.02,6.45,0.05
464880,0.02,0.02,6.42,0.05
464885,0.02,0.02,6.42,0.05
464892,0.02,0.02,6.37,0.05
464900,0.02,0.02,6.32,0.05
464904,0.02,0.02,6.32,0.05
464912,0.02,0.02,6.27,0.05
464916,0.02,0.02,6.27,0.05
464923,0.02,0.02,6.22,0.05
464930,0.02,0.02,6.18,0.05
464935,0.02,0.02,6.18,0.05
464943,0.01,0.01,6.14,0.05
464950,0.01,0.01,6.11,0.05
464955,0.01,0.01,6.11,0.05
464962,0.01,0.01,6.11,0.05
464966,0.01,0.01,6.11,0.05
464973,0.00,0.01,6.11,0.05
464980,0.00,0.01,6.13,0.05
464986,0.00,0.01,6.13,0.05
464993,-0.01,0.01,6.17,0.05
465000,-0.01,0.01,6.21,0.05
465005,-0.01,0.01,6.21,0.05
465012,-0.01,0.01,6.26,0.05
465016,-0.01,0.01,6.26,0.05
465024,-0.01,0.02,6.30,0.05
465031,-0.01,0.02,6.35,0.05
465036,-0.01,0.02,6.35,0.05
465043,0.00,0.02,6.40,0.05
465050,0.01,0.02,6.43,0.05
465055,0.01,0.02,6.43,0.05
465062,0.01,0.02,6.45,0.05
465070,0.02,0.02,6.46,0.05
465075,0.02,0.02,6.46,0.05
465082,0.02,0.02,6.45,0.08
465086,0.02,0.02,6.45,0.05
465093,0.02,0.02,6.43,0.05
465101,0.02,0.02,6.40,0.05
465105,0.02,0.02,6.40,0.05
465113,0.02,0.02,6.37,0.05
465120,0.02,0.02,6.32,0.05
